nsdId,cvatId,cocoId,cocoSplit,food_object_card_ratio,food_space_ratio_cmp_objects,food_space_ratio_cmp_image,food_centrality,food_relevance_caption,indoor,outdoor,ambiguous-location,plant,human-face,human-body,animal-face,animal-body,food,drink,food-related,faux-food,zoom,reach,large-scale-scene,object
23993,300,65400,train2017,0.8709677419354839,0.413684660111642,0.0319892121220001,1,0,0,1,0,0,1,1,0,1,1,0,1,0,0,0,0,0
23883,299,327191,train2017,0.0,0.0,0.0,0,0,1,0,0,0,0,0,0,0,0,0,0,0,0,0,1,1
23876,298,65029,train2017,0.0909090909090909,0.0436046772857704,0.0047499734527593,0,0,1,0,0,0,1,1,0,0,0,0,0,0,0,0,1,1
23871,297,65012,train2017,0.0,0.0,0.0,0,0,0,1,0,0,0,1,0,0,0,0,0,0,0,0,1,1
23729,296,64534,train2017,0.0,0.0,0.0,0,0,0,1,0,0,1,1,0,0,0,0,0,0,0,0,1,1
23715,295,10743,train2017,0.0,0.0,0.0,0,0,0,1,0,0,1,1,0,0,0,0,0,0,0,0,1,1
23492,294,325710,train2017,0.3571428571428571,0.03756943069505,0.0090838109279243,0,1,0,1,0,0,1,1,0,0,1,0,1,0,0,1,0,0
23241,293,62547,train2017,0.05,0.0154636777770195,0.0058156541006363,0,0,1,0,0,0,1,1,1,1,0,0,0,0,0,0,1,1
23036,292,323970,train2017,0.0,0.0,0.0,0,0,0,1,0,0,0,0,1,1,0,0,0,0,0,0,1,0
22993,291,490875,train2017,0.0,0.0,0.0,0,0,0,0,1,0,0,1,0,0,0,0,0,0,0,0,1,1
22967,290,534553,train2017,0.0,0.0,0.0,0,0,1,0,0,0,0,0,0,0,0,0,0,0,0,0,1,1
22957,289,61559,train2017,0.0,0.0,0.0,0,0,0,1,0,0,0,0,0,0,0,0,0,0,0,0,1,1
22886,288,61288,train2017,0.0,0.0,0.0,0,0,0,0,1,0,1,1,0,0,0,0,0,0,0,0,1,1
22879,287,61266,train2017,0.0,0.0,0.0,0,0,0,0,0,0,0,1,0,0,0,0,0,0,0,0,1,1
22873,286,323397,train2017,0.0,0.0,0.0,0,0,0,1,0,0,0,1,0,0,0,0,0,0,0,0,1,0
22845,285,61174,train2017,0.0,0.0,0.0,0,0,0,1,0,0,0,0,1,1,0,0,0,0,0,0,1,0
22809,284,323182,train2017,0.0,0.0,0.0,0,0,0,1,0,0,0,0,0,0,0,0,0,0,0,0,1,1
22794,283,359687,train2017,0.0,0.0,0.0,0,0,0,1,0,0,0,0,0,0,0,0,0,0,0,0,1,1
22782,282,53842,train2017,0.0,0.0,0.0,0,0,0,1,0,0,0,0,0,0,0,0,0,0,0,0,1,1
22772,281,323010,train2017,0.0,0.0,0.0,0,0,0,1,0,0,0,0,1,1,0,0,0,0,0,0,1,0
22587,280,322255,train2017,0.0,0.0,0.0,0,0,0,1,0,0,1,1,0,0,0,0,0,0,0,0,1,0
22585,279,322246,train2017,0.0,0.0,0.0,0,0,1,0,0,0,0,0,0,1,0,0,0,0,0,0,1,1
22530,278,9987,train2017,0.0,0.0,0.0,0,0,0,1,0,0,0,1,0,0,0,0,0,0,0,0,1,1
22523,277,9983,train2017,0.5555555555555556,0.0472728267507295,0.0141198533975843,0,0,0,1,0,0,1,1,0,0,1,1,1,0,0,0,1,0
22515,276,322008,train2017,0.0,0.0,0.0,0,0,1,0,0,0,0,0,0,0,0,0,0,0,0,0,1,1
22505,275,403184,train2017,0.0,0.0,0.0,0,0,0,1,0,0,1,0,1,1,0,0,0,0,0,0,1,1
22495,274,321902,train2017,0.5,0.3647370200691087,0.1785956916239,0,0,0,0,1,0,0,0,0,0,1,0,1,0,1,0,0,0
22387,273,59321,train2017,0.0,0.0,0.0,0,0,0,1,0,0,0,0,0,0,0,0,0,0,0,0,1,1
22263,272,359337,train2017,0.0,0.0,0.0,0,0,0,1,0,0,0,0,1,1,0,0,0,0,0,0,1,0
22155,271,58465,train2017,0.0,0.0,0.0,0,0,0,1,0,0,0,1,0,0,0,0,0,0,0,0,1,0
22143,270,58407,train2017,0.25,0.0988706370305838,0.0161960190019707,0,0,0,0,1,1,0,0,0,0,0,0,0,0,0,0,1,1
22138,269,320533,train2017,0.0,0.0,0.0,0,0,0,1,0,0,0,0,1,1,0,0,0,0,0,0,1,0
21989,268,57796,train2017,0.0,0.0,0.0,0,0,0,1,0,0,1,1,0,0,0,0,0,0,0,0,1,1
21950,267,57631,train2017,0.0,0.0,0.0,0,0,0,1,0,0,1,1,1,1,0,0,0,0,0,0,1,1
21703,266,56837,train2017,0.0,0.0,0.0,0,0,0,1,0,0,0,1,0,0,0,0,0,0,0,0,1,0
21601,265,580813,train2017,0.0,0.0,0.0,0,0,0,1,0,0,0,1,0,0,0,0,0,0,0,0,1,1
21553,264,1877,train2017,0.0,0.0,0.0,0,0,0,1,0,0,0,0,0,0,0,0,0,0,0,0,1,1
21526,263,318444,train2017,0.0,0.0,0.0,0,0,0,1,0,0,0,1,0,0,0,0,0,0,0,0,1,0
21508,262,318381,train2017,1.0,1.0,0.3475042090315037,1,0,0,0,1,0,0,0,0,0,1,0,0,0,1,0,0,0
21318,261,317781,train2017,0.0,0.0,0.0,0,0,0,1,0,0,0,0,1,1,0,0,0,0,0,0,1,1
21279,260,55514,train2017,0.0,0.0,0.0,0,0,0,1,0,0,0,1,0,0,0,0,0,0,0,0,1,0
21253,259,55402,train2017,0.0,0.0,0.0,0,0,0,1,0,0,0,0,1,1,0,0,0,0,0,0,1,0
21218,258,55294,train2017,0.0,0.0,0.0,0,0,1,0,0,0,1,1,0,0,0,0,0,0,0,0,1,0
21197,257,55206,train2017,0.0,0.0,0.0,0,0,0,1,0,0,0,1,0,0,0,0,0,0,0,0,1,1
21194,256,9199,train2017,0.0,0.0,0.0,0,0,1,0,0,0,0,0,0,0,0,0,0,0,0,0,1,1
21192,255,55184,train2017,0.0,0.0,0.0,0,0,1,0,0,0,1,0,0,0,0,0,0,0,0,0,1,0
21108,254,317061,train2017,0.0,0.0,0.0,0,0,0,1,0,0,0,1,0,0,0,0,0,0,0,0,1,0
20820,253,54001,train2017,0.0,0.0,0.0,0,0,0,1,0,0,0,1,0,0,0,0,0,0,0,0,1,0
20777,252,578169,train2017,0.8888888888888888,0.3302001980515922,0.1157544492397704,0,0,1,0,0,0,0,0,0,0,0,0,0,0,0,1,1,1
20738,251,53778,train2017,0.0,0.0,0.0,0,0,0,1,0,0,0,0,1,1,0,0,0,0,0,0,1,0
20702,250,577964,train2017,0.0,0.0,0.0,0,0,0,1,0,0,0,1,0,0,0,0,0,0,0,0,1,1
20650,249,577817,train2017,0.0,0.0,0.0,0,0,0,1,0,0,1,1,0,0,0,0,0,0,0,0,1,1
20633,248,455691,train2017,0.9,0.4143311279952665,0.2292420991610043,1,0,1,0,0,0,0,0,0,0,1,0,1,0,0,1,0,0
20442,247,576789,train2017,0.0,0.0,0.0,0,0,0,1,0,0,0,0,0,0,0,0,0,0,0,0,1,1
20307,246,576749,train2017,0.0,0.0,0.0,0,0,0,1,0,0,0,0,0,0,0,0,0,0,0,0,1,1
20265,245,52348,train2017,0.0,0.0,0.0,0,0,0,1,0,0,1,1,0,0,0,0,0,0,0,0,1,0
20223,244,314379,train2017,0.0,0.0,0.0,0,0,0,1,0,0,0,1,0,0,0,0,0,0,0,0,1,0
20206,243,560396,train2017,0.0,0.0,0.0,0,0,0,1,0,0,0,0,0,0,0,0,0,0,0,0,1,1
20080,242,51774,train2017,0.0,0.0,0.0,0,1,0,1,0,0,0,0,0,0,0,0,0,0,0,0,1,0
20064,241,576011,train2017,0.0,0.0,0.0,0,0,0,1,0,0,0,0,1,1,0,0,0,0,0,0,1,1
20054,240,575971,train2017,0.0,0.0,0.0,0,0,0,1,0,0,0,1,0,0,0,0,0,0,0,0,1,1
19933,239,313480,train2017,0.0,0.0,0.0,0,0,0,0,0,0,0,1,0,1,0,0,0,0,0,0,1,1
19690,238,50624,train2017,0.0,0.0,0.0,0,0,0,1,0,0,0,0,1,1,0,0,0,0,0,0,1,0
19672,237,95809,train2017,0.0,0.0,0.0,0,0,0,1,0,0,0,1,0,0,0,0,0,0,0,0,1,0
19642,236,574760,train2017,0.2,0.0089903486711944,0.0030817351683055,0,0,1,0,0,0,1,1,0,0,0,0,0,0,0,0,1,1
19573,235,50256,train2017,0.0,0.0,0.0,0,0,0,1,0,0,0,0,0,0,0,0,0,0,0,0,1,1
19436,234,312003,train2017,0.0,0.0,0.0,0,0,0,1,0,0,1,1,0,0,0,0,0,0,0,0,1,1
19292,233,532520,train2017,0.0,0.0,0.0,0,0,1,0,0,0,0,0,0,0,0,0,0,0,0,0,1,1
19200,232,311232,train2017,0.0,0.0,0.0,0,0,0,1,0,0,0,0,0,0,0,0,0,0,0,0,1,1
19199,231,270325,train2017,0.0,0.0,0.0,0,0,0,1,0,0,0,0,0,0,0,0,0,0,0,0,1,1
19181,230,573337,train2017,0.9473684210526316,0.110216302504731,0.0468499797037353,1,0,0,1,0,0,0,0,0,0,1,0,1,0,0,1,0,0
19074,229,310870,train2017,0.0,0.0,0.0,0,0,0,1,0,0,0,0,1,1,0,0,0,0,0,0,1,0
18796,228,572215,train2017,0.0,0.0,0.0,0,0,0,1,0,0,1,1,0,0,0,0,0,0,0,0,1,1
18690,227,47638,train2017,0.0,0.0,0.0,0,0,0,1,0,0,0,0,0,0,0,0,0,0,0,0,1,1
18543,226,571499,train2017,0.0,0.0,0.0,0,0,0,1,0,0,0,1,0,0,0,0,0,0,0,0,1,1
18535,225,47172,train2017,0.0,0.0,0.0,0,1,0,1,0,0,0,0,0,1,0,0,0,0,0,0,1,0
18505,224,309192,train2017,0.5,0.030135336688962,0.0106582779587908,0,1,0,1,0,0,1,1,0,0,1,0,1,0,1,0,0,0
18483,223,309135,train2017,0.0,0.0,0.0,0,0,0,1,0,0,0,0,1,1,0,0,0,0,0,0,1,0
18434,222,308950,train2017,0.0,0.0,0.0,0,0,0,1,0,0,0,0,0,0,0,0,0,0,0,0,1,1
18268,221,575701,train2017,0.1111111111111111,0.0222410424228452,0.0053012018705985,0,0,1,0,0,0,1,1,0,0,0,1,1,0,0,0,1,1
17942,220,569645,train2017,1.0,1.0,0.2870881832904119,1,0,0,0,1,0,0,0,0,0,1,0,1,0,1,0,0,0
17934,219,219735,train2017,0.5,0.0444175027246833,0.012749752308019,0,1,1,0,0,0,1,1,0,0,1,1,1,0,0,0,1,0
17794,218,569196,train2017,0.0,0.0,0.0,0,0,0,1,0,0,0,1,0,0,0,0,0,0,0,0,1,0
17776,217,306988,train2017,0.0,0.0,0.0,0,0,0,1,0,0,0,1,0,0,0,0,0,0,0,0,1,0
17595,216,225829,train2017,0.0,0.0,0.0,0,0,0,1,0,0,0,0,0,0,0,0,0,0,0,0,1,1
17549,215,306249,train2017,0.2666666666666666,0.0307998810278926,0.0050019265103858,0,0,1,0,0,0,0,0,0,0,0,0,1,0,0,0,1,0
17485,214,306031,train2017,0.5,0.0319480932677744,0.0024159831908465,0,0,1,0,0,0,0,0,0,0,0,0,0,0,0,0,1,0
17463,213,43815,train2017,0.0,0.0,0.0,0,0,0,0,1,0,0,0,0,0,0,0,0,0,0,0,1,1
17450,212,43776,train2017,0.0,0.0,0.0,0,0,0,1,0,0,0,0,0,0,0,0,0,0,0,0,1,1
17374,211,567837,train2017,0.0,0.0,0.0,0,0,0,1,0,0,0,0,0,0,0,0,0,0,0,0,1,1
17369,210,305685,train2017,0.3953488372093023,0.0324314459445674,0.0101187936188009,0,0,0,1,0,0,1,1,0,0,0,1,1,0,0,0,1,0
17238,209,43176,train2017,0.0,0.0,0.0,0,0,0,1,0,0,0,0,0,0,0,0,0,0,0,0,1,1
17230,208,43150,train2017,0.0,0.0,0.0,0,0,0,1,0,0,0,0,0,0,0,0,0,0,0,0,1,1
17048,207,42578,train2017,0.0,0.0,0.0,0,0,0,1,0,0,0,0,0,0,0,0,0,0,0,0,1,0
16917,206,263276,train2017,0.75,0.2081160314108118,0.0985972885411468,1,0,0,0,1,0,0,0,0,0,1,0,1,0,0,1,0,0
16868,205,566341,train2017,0.0,0.0,0.0,0,0,0,1,0,0,0,0,0,1,0,0,0,0,0,0,1,1
16865,204,304187,train2017,0.0,0.0,0.0,0,0,0,1,0,0,0,1,0,0,0,0,0,0,0,0,1,0
16841,203,566261,train2017,0.0,0.0,0.0,0,0,0,1,0,0,0,1,0,0,0,0,0,0,0,0,1,1
16823,202,566201,train2017,0.0,0.0,0.0,0,0,0,1,0,0,0,1,0,0,0,0,0,0,0,0,1,1
16723,201,41606,train2017,0.0,0.0,0.0,0,0,0,1,0,0,0,1,0,0,0,0,0,0,0,0,1,1
72948,1000,517878,train2017,0.0,0.0,0.0,0,0,1,0,0,0,0,0,0,0,0,0,0,0,0,0,1,1
72719,999,304627,train2017,0.0,0.0,0.0,0,0,1,0,0,0,0,0,0,0,0,0,0,0,0,0,1,1
72605,998,516634,train2017,0.0,0.0,0.0,0,0,0,1,0,0,0,0,0,1,0,0,0,0,0,0,1,0
72510,997,254130,train2017,0.0,0.0,0.0,0,0,0,1,0,0,0,0,0,0,0,0,0,0,0,0,1,1
72312,996,515508,train2017,0.0,0.0,0.0,0,0,0,1,0,0,0,1,0,0,0,0,0,0,0,0,1,0
72257,995,515296,train2017,0.0,0.0,0.0,0,0,0,1,0,0,0,0,1,1,0,0,0,0,0,0,1,0
72209,994,515102,train2017,0.0,0.0,0.0,0,0,0,0,1,0,1,0,0,0,0,0,0,0,1,0,0,1
72170,993,514955,train2017,0.0,0.0,0.0,0,0,0,1,0,0,0,0,0,1,0,0,0,0,0,0,1,0
72080,992,514563,train2017,0.0,0.0,0.0,0,0,0,1,0,0,0,1,0,0,0,0,0,0,0,0,1,1
72015,991,252160,train2017,0.0,0.0,0.0,0,0,0,1,0,0,0,0,0,0,0,0,0,0,0,0,1,1
71928,990,251818,train2017,0.0,0.0,0.0,0,0,0,1,0,0,0,1,0,0,0,0,0,0,0,0,1,1
71894,989,304092,train2017,0.0,0.0,0.0,0,0,0,1,0,1,0,0,1,1,0,0,0,0,0,0,1,0
71753,988,251084,train2017,0.0,0.0,0.0,0,0,0,1,0,0,0,0,0,0,0,0,0,0,0,0,1,1
71450,987,249905,train2017,0.0,0.0,0.0,0,0,0,1,0,0,1,1,0,0,0,0,0,0,0,0,1,1
71410,986,216378,train2017,0.0,0.0,0.0,0,0,0,1,0,0,0,0,0,0,0,0,0,0,1,0,0,1
71241,985,511165,train2017,1.0,1.0,0.1126418703567249,0,0,1,0,0,0,0,0,0,0,1,0,1,0,0,0,1,0
71232,984,511127,train2017,0.0,0.0,0.0,0,0,0,1,0,0,0,1,0,0,0,0,0,0,0,0,1,1
71229,983,303637,train2017,0.0,0.0,0.0,0,0,0,1,0,0,0,0,0,0,0,0,0,0,0,0,1,1
71186,982,510900,train2017,0.6666666666666666,0.8381530257949414,0.1842423446648938,1,0,0,1,0,0,0,0,0,0,1,0,1,0,1,0,0,0
71025,981,510334,train2017,0.0,0.0,0.0,0,0,0,1,0,0,0,0,1,1,0,0,0,0,0,0,1,1
70947,980,247893,train2017,0.0,0.0,0.0,0,0,0,1,0,0,0,1,0,0,0,0,0,0,0,0,1,1
70764,979,509292,train2017,0.0,0.0,0.0,0,0,0,1,0,0,0,0,0,0,0,0,0,0,0,0,1,1
70758,978,247121,train2017,0.0,0.0,0.0,0,0,1,0,0,0,0,0,0,0,0,0,0,0,0,0,1,1
70671,977,246759,train2017,0.0,0.0,0.0,0,0,0,1,0,0,0,0,0,0,0,0,0,0,0,0,1,1
70589,976,508612,train2017,0.0,0.0,0.0,0,0,0,1,0,0,0,0,0,1,0,0,0,0,0,0,1,0
70585,975,246453,train2017,0.6666666666666666,0.2307939220586372,0.0066701095389525,0,0,1,0,0,0,0,0,0,0,0,1,1,0,0,0,1,1
70505,974,246166,train2017,0.0,0.0,0.0,0,0,1,0,0,0,1,0,0,0,0,0,0,0,0,0,1,1
70427,973,245895,train2017,0.0,0.0,0.0,0,0,0,1,0,0,0,1,0,0,0,0,0,0,0,0,1,1
70368,972,477852,train2017,0.0,0.0,0.0,0,0,0,1,0,0,0,1,0,0,0,0,0,0,0,0,1,1
70360,971,507789,train2017,0.3333333333333333,0.0582720077928663,0.0016326318949586,0,0,1,0,0,0,0,0,0,0,0,0,0,0,0,0,1,1
70335,970,507642,train2017,0.0,0.0,0.0,0,0,0,1,0,0,0,0,0,1,0,0,0,0,0,0,1,0
70232,969,434069,train2017,0.0,0.0,0.0,0,0,0,1,0,0,1,1,0,0,0,0,0,0,0,0,1,1
70193,968,244967,train2017,0.2,0.0131232111908622,0.0039430622556774,0,1,0,1,0,0,1,1,0,0,0,1,0,0,0,0,1,0
70095,967,244578,train2017,0.0,0.0,0.0,0,0,0,1,0,0,1,1,0,0,0,0,0,0,0,0,1,1
70075,966,244476,train2017,0.25,0.023927791142103,0.0074190292175686,0,1,1,0,0,0,1,1,0,0,1,0,1,0,0,0,1,0
70038,965,244334,train2017,0.0,0.0,0.0,0,0,0,1,0,0,0,1,0,0,0,0,0,0,0,0,1,1
69918,964,243839,train2017,0.0,0.0,0.0,0,0,1,0,0,0,0,1,0,0,0,0,0,0,0,0,1,1
69854,963,505738,train2017,0.0,0.0,0.0,0,0,0,1,0,0,0,1,0,0,0,0,0,0,0,0,1,1
69839,962,505661,train2017,0.0769230769230769,0.6217017626472392,0.2699581707910354,1,0,1,0,0,0,0,0,0,0,0,0,1,0,1,0,0,1
69831,961,505643,train2017,0.0,0.0,0.0,0,0,0,1,0,0,1,1,0,0,0,0,0,0,0,0,1,1
69813,960,505592,train2017,0.0,0.0,0.0,0,0,0,1,0,0,0,0,1,1,0,0,0,0,0,0,1,0
69785,959,505486,train2017,0.0,0.0,0.0,0,0,0,1,0,1,0,0,0,1,0,0,0,0,0,0,1,0
69616,958,433657,train2017,0.0,0.0,0.0,0,0,0,1,0,0,0,0,0,1,0,0,0,0,0,0,1,0
69614,957,242631,train2017,0.0,0.0,0.0,0,0,0,1,0,0,0,1,0,0,0,0,0,0,0,0,1,1
69502,956,242133,train2017,0.0,0.0,0.0,0,0,0,1,0,0,1,1,0,0,0,0,0,0,0,0,1,1
69442,955,112805,train2017,0.0,0.0,0.0,0,0,0,1,0,0,0,0,0,0,0,0,0,0,0,0,1,1
69240,954,40187,train2017,0.4,0.3710848478711903,0.0203877788434221,0,0,1,0,0,0,0,0,0,0,0,0,1,0,0,0,1,1
69214,953,241026,train2017,0.0,0.0,0.0,0,0,0,1,0,0,0,0,0,0,0,0,0,0,0,0,1,1
69130,952,502860,train2017,0.25,0.3572283249877296,0.102826048711147,0,0,1,0,0,0,0,0,0,0,0,1,1,0,1,0,0,1
69030,951,214821,train2017,0.0,0.0,0.0,0,0,0,1,0,0,0,1,0,0,0,0,0,0,0,0,1,1
69025,950,502470,train2017,0.0,0.0,0.0,0,0,0,1,0,0,0,0,1,1,0,0,0,0,0,0,1,0
69007,949,240278,train2017,0.0,0.0,0.0,0,0,0,1,0,0,0,1,0,0,0,0,0,0,0,0,1,1
68897,948,502058,train2017,0.0,0.0,0.0,0,0,0,1,0,0,1,1,0,1,0,0,0,0,0,0,1,0
68858,947,501926,train2017,0.0,0.0,0.0,0,0,0,1,0,0,0,1,0,0,0,0,0,0,0,0,1,1
68842,946,501867,train2017,0.0,0.0,0.0,0,0,0,1,0,0,0,0,0,0,0,0,0,0,0,0,1,1
68814,945,501739,train2017,0.875,0.3641744046410397,0.1882177133292108,1,0,0,0,1,0,0,0,0,0,1,0,1,0,0,1,0,0
68741,944,239337,train2017,0.0,0.0,0.0,0,0,0,1,0,0,0,0,0,1,0,0,0,0,0,0,1,0
68471,943,238201,train2017,0.0,0.0,0.0,0,0,0,1,0,0,0,0,0,1,0,0,0,0,0,0,1,0
68418,942,238001,train2017,0.0,0.0,0.0,0,0,1,0,0,0,0,1,0,0,0,0,0,0,0,0,1,1
68339,941,237697,train2017,0.0,0.0,0.0,0,0,1,0,0,0,0,0,0,0,0,0,0,0,0,0,1,1
68311,940,499730,train2017,0.0,0.0,0.0,0,0,0,1,0,0,0,0,0,0,0,0,0,0,0,0,1,1
68278,939,499627,train2017,0.0,0.0,0.0,0,0,1,0,0,1,0,0,0,0,0,0,0,0,0,1,0,1
68168,938,237093,train2017,0.0,0.0,0.0,0,1,0,1,0,0,0,0,1,1,0,0,0,0,0,0,1,1
68023,937,498615,train2017,0.0,0.0,0.0,0,0,0,1,0,0,0,0,0,0,0,0,0,0,0,0,1,1
67829,936,497797,train2017,0.0,0.0,0.0,0,0,0,1,0,0,0,1,0,0,0,0,0,0,0,0,1,0
67802,935,82945,train2017,0.0,0.0,0.0,0,0,0,1,0,0,0,1,0,0,0,0,0,0,0,0,1,1
67742,934,497464,train2017,0.3,0.0162120461278237,0.003582256398587,0,0,0,1,0,0,1,1,0,0,0,0,0,0,0,0,1,1
67363,933,233873,train2017,0.0,0.0,0.0,0,0,0,0,1,0,0,0,0,0,0,0,0,0,0,0,1,1
67295,932,233580,train2017,0.0,0.0,0.0,0,0,0,1,0,0,1,1,0,0,0,0,0,0,0,0,1,1
67252,931,495568,train2017,0.0,0.0,0.0,0,0,0,1,0,0,1,1,0,0,0,0,0,0,0,0,1,1
67237,930,344729,train2017,0.5454545454545454,0.3126044259389448,0.093422439499922,0,0,1,0,0,0,0,1,0,0,1,1,1,0,0,1,0,0
67204,929,495387,train2017,0.0,0.0,0.0,0,0,1,0,0,0,0,0,0,0,0,0,0,0,0,0,1,1
67168,928,233104,train2017,0.0,0.0,0.0,0,1,0,1,0,0,0,0,0,1,0,0,0,0,0,0,1,0
67113,927,495040,train2017,0.0,0.0,0.0,0,0,0,1,0,0,0,0,0,0,0,0,0,0,0,0,1,1
67045,926,232648,train2017,0.7142857142857143,0.1294950609202645,0.0030948679299732,0,0,1,0,0,0,0,0,0,0,0,0,0,0,0,0,1,1
66976,925,494552,train2017,0.1071428571428571,0.0963731714632442,0.0299015942047745,0,0,0,1,0,0,0,0,0,1,0,1,1,0,0,1,0,1
66946,924,232277,train2017,0.0,0.0,0.0,0,0,0,1,0,0,0,0,0,0,0,0,0,0,0,0,1,1
66836,923,231851,train2017,0.0,0.0,0.0,0,0,0,1,0,0,0,0,0,1,0,0,0,0,0,0,1,1
66773,922,235479,train2017,0.0,0.0,0.0,0,0,0,1,0,0,0,1,0,0,0,0,0,0,0,0,1,1
66643,921,231102,train2017,0.0,0.0,0.0,0,0,1,0,0,0,0,0,0,0,0,0,0,0,0,1,0,1
66580,920,300622,train2017,0.0,0.0,0.0,0,0,0,1,0,0,1,0,0,0,0,0,0,0,0,0,1,0
66489,919,492627,train2017,0.5172413793103449,0.1109560907315825,0.0167619620163208,0,1,1,0,0,0,0,0,0,0,1,1,1,0,0,0,1,1
66479,918,230422,train2017,0.0,0.0,0.0,0,0,0,1,0,0,0,0,0,1,0,0,0,0,0,0,1,1
66464,917,354185,train2017,0.0,0.0,0.0,0,0,0,1,0,0,1,1,0,0,0,0,0,0,0,0,1,1
66421,916,38370,train2017,0.45,0.0346920042853689,0.0074012702553929,0,1,0,1,0,0,1,1,0,0,1,0,1,0,0,0,1,0
66342,915,229947,train2017,0.8421052631578947,0.6658061778426935,0.1551467492343842,1,0,1,0,0,0,0,1,0,0,1,0,1,0,0,1,0,0
66330,914,492037,train2017,0.0,0.0,0.0,0,1,0,1,0,0,0,0,0,1,0,0,0,0,0,0,1,0
66278,913,356810,train2017,0.0,0.0,0.0,0,0,0,1,0,0,0,0,0,0,0,0,0,0,0,0,1,1
66216,912,491611,train2017,0.0,0.0,0.0,0,0,0,1,0,0,0,0,0,1,0,0,0,0,0,0,1,0
66214,911,229456,train2017,0.0,0.0,0.0,0,0,0,1,0,0,0,0,0,1,0,0,0,0,0,0,1,0
66004,910,228565,train2017,0.0,0.0,0.0,0,0,0,1,0,0,0,0,1,1,0,0,0,0,0,0,1,0
65943,909,228380,train2017,0.0,0.0,0.0,0,0,0,1,0,0,0,1,0,0,0,0,0,0,0,0,1,1
65920,908,228316,train2017,0.0,0.0,0.0,0,0,0,1,0,0,0,0,0,1,0,0,0,0,0,0,1,0
65872,907,228133,train2017,1.0,1.0,0.1262683357676079,0,0,0,0,1,0,0,0,0,0,1,0,1,0,1,0,0,0
65821,906,227928,train2017,0.0,0.0,0.0,0,0,0,1,0,0,0,1,0,0,0,0,0,0,0,0,1,1
65799,905,227843,train2017,0.5,0.4654015198082336,0.0631666530174289,0,0,1,0,0,0,0,0,0,0,0,0,1,0,0,0,1,1
65769,904,227733,train2017,0.0,0.0,0.0,0,0,0,1,0,0,0,1,0,0,0,0,0,0,0,0,1,0
65686,903,227451,train2017,1.0,1.0,0.034442172818503,1,0,1,0,0,0,0,0,0,0,0,0,1,0,0,0,1,0
65654,902,227307,train2017,0.0,0.0,0.0,0,0,0,1,0,0,0,0,0,0,0,0,0,0,0,0,1,1
65639,901,7567,train2017,0.0,0.0,0.0,0,0,0,1,0,0,0,0,0,0,0,0,0,0,0,0,1,1
16702,200,565834,train2017,0.0,0.0,0.0,0,0,0,1,0,0,0,0,0,0,0,0,0,0,0,0,1,1
16655,199,565652,train2017,0.0,0.0,0.0,0,0,0,1,0,0,1,0,0,1,0,0,0,0,0,0,1,0
16635,198,303436,train2017,0.0,0.0,0.0,0,0,0,1,0,0,0,1,0,0,0,0,0,0,0,0,1,1
16616,197,303392,train2017,0.0,0.0,0.0,0,0,1,0,0,0,0,0,0,0,0,0,0,0,0,0,1,1
16466,196,574784,train2017,0.6666666666666666,0.5826522872581548,0.1155192263370879,1,0,0,1,0,0,1,1,0,0,1,0,1,0,0,1,0,0
16421,195,40685,train2017,0.0,0.0,0.0,0,0,1,0,0,0,0,0,1,1,0,0,0,0,0,0,1,0
16344,194,302588,train2017,0.0,0.0,0.0,0,0,0,1,0,0,0,0,0,0,0,0,0,0,0,0,1,1
16252,193,564465,train2017,1.0,1.0,0.0437478200218094,0,0,0,0,1,0,0,0,0,0,1,0,1,0,0,1,0,0
16063,192,225054,train2017,0.0,0.0,0.0,0,0,0,1,0,1,0,1,0,0,0,0,0,0,0,0,1,0
15939,191,39196,train2017,0.0,0.0,0.0,0,0,0,1,0,0,0,0,1,1,0,0,0,0,0,0,1,1
15819,190,38801,train2017,0.0,0.0,0.0,0,0,0,1,0,0,0,0,0,1,0,0,0,0,0,0,1,0
15793,189,300881,train2017,0.0,0.0,0.0,0,1,0,1,0,0,1,0,1,0,0,0,0,0,0,0,1,0
15506,188,37823,train2017,0.0,0.0,0.0,0,0,0,1,0,0,0,0,1,1,0,0,0,0,0,0,1,0
15492,187,37779,train2017,0.0,0.0,0.0,0,0,0,1,0,0,0,1,0,0,0,0,0,0,0,0,1,1
15364,186,37358,train2017,0.0,0.0,0.0,0,0,0,1,0,0,0,0,0,0,0,0,0,0,0,0,1,1
15128,185,36589,train2017,0.0,0.0,0.0,0,0,1,0,0,0,0,0,0,0,0,0,0,0,0,0,1,1
15025,184,6053,train2017,0.0,0.0,0.0,0,0,0,1,0,0,0,1,0,0,0,0,0,0,0,0,1,0
15003,183,298395,train2017,0.0,0.0,0.0,0,0,1,0,0,0,0,0,0,0,0,0,0,0,0,1,0,1
14931,182,298170,train2017,0.0,0.0,0.0,0,0,0,1,0,0,0,0,0,0,0,0,0,0,0,0,1,1
14898,181,35927,train2017,0.0,0.0,0.0,0,0,0,1,0,0,0,0,1,1,0,0,0,0,0,0,1,0
14820,180,297844,train2017,0.0,0.0,0.0,0,0,0,1,0,0,1,1,0,0,0,0,0,0,0,0,1,1
14808,179,559958,train2017,0.0,0.0,0.0,0,0,1,0,0,0,0,0,0,0,0,0,0,0,1,0,0,1
14793,178,355458,train2017,0.0,0.0,0.0,0,0,0,0,1,0,1,1,0,0,0,0,0,0,0,0,1,0
14644,177,573830,train2017,0.8,0.0927001754168937,0.0384424485696412,0,0,1,0,0,0,0,0,0,0,1,0,1,0,1,0,0,0
14610,176,297154,train2017,0.0,0.0,0.0,0,0,0,1,0,0,0,0,0,0,0,0,0,0,0,0,1,1
14594,175,559225,train2017,0.0,0.0,0.0,0,0,0,1,0,1,0,0,0,1,0,0,0,0,0,0,1,0
14567,174,559145,train2017,0.0,0.0,0.0,0,0,0,1,0,0,1,1,0,0,0,0,0,0,0,0,1,0
14528,173,559816,train2017,0.0,0.0,0.0,0,0,1,0,0,0,0,0,0,0,0,0,0,0,0,0,1,1
14443,172,558822,train2017,0.0,0.0,0.0,0,0,0,1,0,1,0,0,0,1,0,0,0,0,0,0,1,1
14179,171,33764,train2017,0.0,0.0,0.0,0,0,0,1,0,0,1,1,0,0,0,0,0,0,0,0,1,1
14165,170,33727,train2017,0.0,0.0,0.0,0,0,0,1,0,0,0,0,0,0,0,0,0,0,0,0,1,1
14121,169,557886,train2017,0.0,0.0,0.0,0,0,0,1,0,0,0,1,0,1,0,0,0,0,0,0,1,1
14110,168,557848,train2017,0.0,0.0,0.0,0,0,0,1,0,0,0,0,0,0,0,0,0,0,0,0,1,1
13846,167,32809,train2017,0.0,0.0,0.0,0,0,0,1,0,0,0,1,0,0,0,0,0,0,0,0,1,1
13720,166,556748,train2017,0.0,0.0,0.0,0,0,0,1,0,0,0,0,0,0,0,0,0,0,0,0,1,1
13662,165,32275,train2017,0.0,0.0,0.0,0,0,1,0,0,0,0,0,0,0,0,0,0,0,0,1,0,1
13653,164,556542,train2017,0.0,0.0,0.0,0,0,0,1,0,0,1,1,1,1,0,0,0,0,0,0,1,0
13613,163,32134,train2017,0.0,0.0,0.0,0,0,0,1,0,0,1,1,0,0,0,0,0,0,0,0,1,0
13314,162,293372,train2017,0.0,0.0,0.0,0,0,1,0,0,0,1,0,0,0,0,0,0,0,0,0,1,0
13312,161,293368,train2017,0.0,0.0,0.0,0,0,0,0,1,0,0,0,0,0,0,0,0,0,0,1,0,1
13230,160,293130,train2017,0.0,0.0,0.0,0,0,0,1,0,0,0,0,1,1,0,0,0,0,0,0,1,0
13138,159,292845,train2017,0.0,0.0,0.0,0,0,1,0,0,0,1,1,0,0,0,1,1,0,0,0,1,0
12937,158,30148,train2017,0.0,0.0,0.0,0,0,1,0,0,0,0,0,0,0,0,0,0,0,0,1,0,1
12922,157,30109,train2017,0.0,0.0,0.0,0,0,0,1,0,0,1,1,0,0,0,0,0,0,0,0,1,1
12798,156,29732,train2017,0.0,0.0,0.0,0,0,0,1,0,0,0,0,0,1,0,0,0,0,0,0,1,0
12796,155,29730,train2017,0.0,0.0,0.0,0,0,0,1,0,0,0,1,0,0,0,0,0,0,0,0,1,0
12685,154,291560,train2017,0.0,0.0,0.0,0,0,0,1,0,0,0,0,0,0,0,0,0,0,0,0,1,1
12634,153,553586,train2017,0.8,0.305132506063512,0.1326054238114332,0,0,0,0,1,0,0,0,0,0,1,0,1,0,1,0,0,0
12495,152,553166,train2017,0.0,0.0,0.0,0,0,0,1,0,0,0,1,0,0,0,0,0,0,0,0,1,0
12487,151,553150,train2017,0.0,0.0,0.0,0,0,0,1,0,0,0,0,0,0,0,0,0,0,0,0,1,1
12308,150,552589,train2017,0.0,0.0,0.0,0,0,0,1,0,0,0,0,1,1,0,0,0,0,0,0,1,0
12214,149,290192,train2017,0.0,0.0,0.0,0,0,0,1,0,0,0,0,0,0,0,0,0,0,0,0,1,1
12075,148,27665,train2017,0.0,0.0,0.0,0,1,0,1,0,0,0,0,0,1,0,0,0,0,0,0,1,0
12065,147,289791,train2017,0.2,0.0057731821325605,0.0020774502615623,0,0,1,0,0,0,0,0,0,0,1,0,1,0,0,1,0,0
11952,146,289460,train2017,0.0,0.0,0.0,0,0,0,1,0,0,0,0,0,0,0,0,0,0,0,0,1,1
11942,145,27298,train2017,0.5,0.172802034648051,0.0016153291171291,0,0,1,0,0,0,0,0,0,0,0,0,0,0,0,0,1,1
11932,144,354070,train2017,0.1111111111111111,0.0235879085002548,0.0061905219917825,0,0,0,1,0,0,1,1,0,0,0,1,1,0,0,1,0,0
11844,143,27030,train2017,0.0,0.0,0.0,0,0,1,0,0,0,0,0,0,0,0,0,0,0,0,0,1,1
11837,142,27002,train2017,0.0,0.0,0.0,0,0,0,1,0,0,0,0,0,0,0,0,0,0,0,0,1,1
11827,141,26981,train2017,0.75,0.2390620521726187,0.1099886496860003,1,0,0,0,1,0,0,0,0,0,1,0,1,0,1,0,0,0
11796,140,551164,train2017,0.0,0.0,0.0,0,0,1,0,0,0,0,0,0,0,0,0,0,0,0,1,0,1
11725,139,26702,train2017,0.0,0.0,0.0,0,0,0,1,0,0,0,0,1,1,0,0,0,0,0,0,1,0
11689,138,288751,train2017,0.0,0.0,0.0,0,0,0,1,0,0,0,0,0,0,0,0,0,0,0,0,1,1
11635,137,26443,train2017,0.0,0.0,0.0,0,0,0,1,0,0,1,1,0,1,0,0,0,0,0,0,1,1
11617,136,26388,train2017,0.0,0.0,0.0,0,0,0,0,1,0,1,1,0,0,0,0,0,0,0,0,1,0
11566,135,288372,train2017,0.0,0.0,0.0,0,0,0,1,0,0,0,0,1,1,0,0,0,0,0,0,1,0
11521,134,550396,train2017,0.0,0.0,0.0,0,0,0,0,1,0,1,1,0,0,0,0,0,0,0,0,1,1
11487,133,26029,train2017,0.0,0.0,0.0,0,0,0,1,0,0,1,1,0,0,0,0,0,0,0,0,1,1
11333,132,549830,train2017,0.0,0.0,0.0,0,0,0,1,0,0,1,1,0,1,0,0,0,0,0,0,1,1
11159,131,549301,train2017,0.0,0.0,0.0,0,0,0,1,0,1,0,1,0,0,0,0,0,0,0,0,1,0
10907,130,548593,train2017,0.0,0.0,0.0,0,0,1,0,0,0,0,0,0,0,0,0,0,0,0,0,1,1
10610,129,23392,train2017,0.0,0.0,0.0,0,0,1,0,0,0,1,1,0,0,0,0,0,0,0,0,1,1
10600,128,547644,train2017,0.75,0.9636135783363264,0.0755173102742425,0,0,1,0,0,0,0,0,0,0,0,0,1,0,0,0,1,0
10586,127,285450,train2017,0.0,0.0,0.0,0,0,1,0,0,0,0,0,0,0,0,0,0,0,0,0,1,1
10507,126,547367,train2017,1.0,1.0,0.1402507661616105,1,0,0,0,1,1,0,0,0,0,0,0,0,0,1,0,0,0
10471,125,22964,train2017,0.0,0.0,0.0,0,0,0,1,0,0,1,1,0,0,0,0,0,0,0,0,1,1
10393,124,122964,train2017,0.1428571428571428,0.274802657659089,0.0049022128364332,0,0,1,0,0,0,0,0,0,0,0,0,1,0,0,0,1,0
10244,123,22256,train2017,0.6666666666666666,0.0890910517726807,0.008689594612498,0,0,1,0,0,0,0,0,0,0,1,0,1,0,0,1,0,0
10107,122,546147,train2017,0.0,0.0,0.0,0,0,0,1,0,0,1,1,0,0,0,0,0,0,0,0,1,1
10105,121,546140,train2017,0.0,0.0,0.0,0,0,0,1,0,0,0,0,0,0,0,0,0,0,0,0,1,1
10064,120,21718,train2017,1.0,1.0,0.3321327269808254,1,0,0,0,1,0,0,0,0,0,1,0,1,0,1,0,0,0
10046,119,545950,train2017,0.0,0.0,0.0,0,0,0,1,0,0,1,1,1,1,0,0,0,0,0,0,1,0
10006,118,283678,train2017,0.0,0.0,0.0,0,0,0,1,0,0,0,1,0,0,0,0,0,0,0,0,1,1
9978,117,396793,train2017,0.0,0.0,0.0,0,0,0,0,1,0,1,1,0,0,0,0,0,0,0,0,1,0
9917,116,283426,train2017,0.0,0.0,0.0,0,0,0,1,0,0,0,0,0,0,0,0,0,0,0,0,1,1
9865,115,21095,train2017,1.0,1.0,0.1223208563728729,0,0,0,0,1,0,0,0,0,0,1,0,0,0,1,0,0,0
9847,114,571485,train2017,0.0,0.0,0.0,0,0,0,1,0,0,0,1,0,0,0,0,0,0,0,0,1,0
9804,113,545160,train2017,0.6666666666666666,0.7048495038537765,0.0543044008650375,0,0,1,0,0,0,0,0,0,0,1,0,1,0,0,1,0,0
9722,112,544926,train2017,0.0,0.0,0.0,0,0,0,1,0,0,1,1,0,0,0,0,0,0,0,0,1,1
9680,111,20517,train2017,0.0,0.0,0.0,0,0,0,1,0,0,0,0,0,0,0,0,0,0,0,0,1,1
9462,110,19863,train2017,0.0,0.0,0.0,0,0,1,0,0,0,0,0,0,0,0,0,0,0,0,0,1,1
9434,109,544060,train2017,0.0,0.0,0.0,0,0,0,1,0,0,0,1,0,0,0,0,0,0,0,0,1,1
9230,108,281330,train2017,0.0,0.0,0.0,0,0,0,1,0,0,0,0,0,0,0,0,0,0,0,0,1,1
9147,107,543254,train2017,0.0,0.0,0.0,0,0,0,1,0,0,0,0,1,1,0,0,0,0,0,0,1,0
9048,106,280808,train2017,0.0,0.0,0.0,0,0,1,0,0,0,0,0,0,0,0,0,0,0,0,0,1,1
9027,105,280764,train2017,0.0,0.0,0.0,0,0,0,1,0,0,1,1,0,0,0,0,0,0,0,0,1,0
8933,104,18367,train2017,0.0,0.0,0.0,0,0,0,1,0,0,1,1,1,1,0,0,0,0,0,0,1,0
8925,103,280484,train2017,0.0,0.0,0.0,0,0,0,1,0,1,0,1,0,0,0,0,0,0,0,0,1,1
8843,102,18078,train2017,0.0,0.0,0.0,0,0,0,1,0,0,0,0,0,0,0,0,0,0,0,0,1,1
8807,101,17967,train2017,0.1290322580645161,0.0170231265169714,0.0044358841592116,0,0,1,0,0,0,1,1,0,0,0,1,0,0,0,0,1,0
57681,800,458616,train2017,0.8333333333333334,0.1447437116660388,0.054702310973955,0,0,1,0,0,0,0,0,0,0,1,1,1,0,0,1,0,1
57650,799,196368,train2017,0.0,0.0,0.0,0,0,1,0,0,0,0,0,0,0,0,0,0,0,0,0,1,1
57648,798,196365,train2017,0.0,0.0,0.0,0,0,0,1,0,0,1,1,0,0,0,0,0,0,0,0,1,1
57553,797,458178,train2017,0.0,0.0,0.0,0,0,1,0,0,0,0,0,0,0,0,0,0,0,0,0,1,1
57542,796,338501,train2017,0.0,0.0,0.0,0,0,0,1,0,0,0,1,0,0,0,0,0,0,0,0,1,1
57478,795,195768,train2017,0.0,0.0,0.0,0,0,0,1,0,0,0,1,0,0,0,0,0,0,0,0,1,0
57443,794,195650,train2017,0.0,0.0,0.0,0,0,0,1,0,0,0,0,0,0,0,0,0,0,0,0,1,1
57435,793,338439,train2017,0.0,0.0,0.0,0,0,0,1,0,0,1,1,0,0,0,0,0,0,0,0,1,1
57060,792,194108,train2017,0.0,0.0,0.0,0,0,0,1,0,0,0,0,0,0,0,0,0,0,0,0,1,1
57046,791,194054,train2017,0.0,0.0,0.0,0,0,1,0,0,0,0,0,0,0,0,0,0,0,0,0,1,1
56948,790,455799,train2017,0.3333333333333333,0.0639737160092296,0.0131953061802063,0,0,1,0,0,0,1,1,0,0,1,0,1,0,0,0,1,1
56911,789,455657,train2017,0.7142857142857143,0.2328402108028947,0.0187820117976272,0,0,1,0,0,1,0,0,0,0,0,1,1,0,0,1,0,1
56867,788,193373,train2017,0.0,0.0,0.0,0,0,0,1,0,0,0,1,0,0,0,0,0,0,0,0,1,0
56850,787,193318,train2017,0.0,0.0,0.0,0,0,0,1,0,0,0,1,0,0,0,0,0,0,0,0,1,0
56784,786,193023,train2017,0.0,0.0,0.0,0,0,0,1,0,0,1,1,0,0,0,0,0,0,0,0,1,1
56782,785,119550,train2017,0.0,0.0,0.0,0,0,1,0,0,1,0,0,0,0,0,0,0,0,0,0,1,1
56751,784,455020,train2017,0.0,0.0,0.0,0,0,1,0,0,0,0,0,0,0,0,0,0,0,0,1,0,1
56723,783,454915,train2017,0.0,0.0,0.0,0,0,1,0,0,0,0,0,0,0,0,0,0,0,0,1,0,1
56695,782,454830,train2017,0.0,0.0,0.0,0,0,1,0,0,0,1,1,0,0,0,0,0,0,0,0,1,1
56681,781,192631,train2017,1.0,1.0,0.0351445084621014,1,0,0,1,0,0,0,0,0,0,1,0,1,0,1,0,0,0
56670,780,192576,train2017,0.0,0.0,0.0,0,0,0,1,0,0,0,0,0,0,0,0,0,0,0,0,1,1
56471,779,191740,train2017,0.9090909090909092,0.8062864116119082,0.3178974855684925,1,0,1,0,0,0,0,0,0,0,1,0,1,0,1,0,0,0
56454,778,191686,train2017,0.0,0.0,0.0,0,0,0,1,0,0,0,0,1,1,0,0,0,0,0,0,1,0
56418,777,453682,train2017,0.0,0.0,0.0,0,0,0,1,0,0,0,1,0,0,0,0,0,0,0,0,1,1
56314,776,468771,train2017,0.0,0.0,0.0,0,0,0,1,0,0,1,1,1,1,0,0,1,0,0,0,1,0
56290,775,453221,train2017,0.0,0.0,0.0,0,0,0,1,0,0,0,1,0,0,0,0,0,0,0,0,1,1
56269,774,191005,train2017,0.0,0.0,0.0,0,1,0,1,0,0,0,0,0,1,0,0,0,0,0,0,1,0
56154,773,303133,train2017,0.0,0.0,0.0,0,0,0,1,0,0,0,0,0,0,0,0,0,0,0,0,1,1
56126,772,190487,train2017,0.0,0.0,0.0,0,0,0,1,0,0,0,1,0,0,0,0,0,0,0,0,1,0
56066,771,190271,train2017,0.0,0.0,0.0,0,0,0,1,0,0,0,0,0,1,0,0,0,0,0,0,1,0
56042,770,452341,train2017,0.0,0.0,0.0,0,0,0,1,0,0,0,0,0,1,0,0,0,0,0,0,1,0
55969,769,189893,train2017,0.6,0.0591522767858504,0.0010020945800097,0,0,1,0,0,0,0,0,0,0,0,0,0,0,0,0,1,1
55968,768,189888,train2017,0.0,0.0,0.0,0,0,0,1,0,0,0,0,0,0,0,0,0,0,0,0,1,1
55933,767,189794,train2017,0.0,0.0,0.0,0,0,0,1,0,0,0,1,0,0,0,0,0,0,0,0,1,1
55857,766,451680,train2017,0.0,0.0,0.0,0,0,0,0,1,0,0,1,1,0,0,0,0,0,0,0,1,1
55680,765,450914,train2017,1.0,1.0,0.3303154782671987,1,0,1,0,0,0,0,0,0,0,1,0,1,0,0,1,0,0
55678,764,450903,train2017,0.0,0.0,0.0,0,0,0,1,0,0,0,1,0,0,0,0,0,0,0,0,1,1
55669,763,450864,train2017,0.6363636363636364,0.1585055947505856,0.0585854995031921,0,1,1,0,0,0,1,1,0,0,1,1,1,0,0,1,0,0
55649,762,188660,train2017,0.0,0.0,0.0,0,0,0,1,0,0,0,0,0,1,0,0,0,0,0,0,1,0
55526,761,188225,train2017,0.0,0.0,0.0,0,0,0,1,0,0,0,0,0,0,0,0,0,0,0,0,1,1
55408,760,276853,train2017,0.0,0.0,0.0,0,0,0,1,0,0,0,0,0,0,0,0,0,0,0,0,1,1
55405,759,449914,train2017,0.0,0.0,0.0,0,0,0,1,0,0,1,1,0,0,0,0,0,0,0,0,1,1
55163,758,186828,train2017,0.0,0.0,0.0,0,0,1,0,0,0,0,0,0,0,0,0,0,0,0,0,1,1
55107,757,442666,train2017,0.0,0.0,0.0,0,0,1,0,0,0,1,0,0,0,0,0,0,0,1,0,0,1
55005,756,448401,train2017,0.0,0.0,0.0,0,0,0,1,0,0,0,0,0,0,0,0,0,0,0,0,1,1
54959,755,55764,train2017,0.0,0.0,0.0,0,0,0,1,0,0,0,1,0,0,0,0,0,0,0,0,1,1
54913,754,185888,train2017,0.0,0.0,0.0,0,0,0,1,0,0,0,0,0,0,0,0,0,0,0,0,1,1
54824,753,6178,train2017,0.0,0.0,0.0,0,0,1,0,0,0,0,0,0,0,0,0,0,0,0,0,1,1
54812,752,36151,train2017,0.0,0.0,0.0,0,0,1,0,0,0,1,1,0,0,0,0,0,0,0,0,1,1
54743,751,185225,train2017,1.0,1.0,0.1631721321990313,1,0,0,1,0,0,0,0,0,0,1,0,1,0,1,0,0,0
54698,750,447182,train2017,0.0,0.0,0.0,0,0,0,1,0,0,0,1,0,0,0,0,0,0,0,0,1,0
54683,749,447130,train2017,0.0,0.0,0.0,0,0,0,1,0,0,0,1,0,0,0,0,0,0,0,0,1,0
54643,748,184822,train2017,0.0,0.0,0.0,0,0,0,1,0,0,0,0,0,0,0,0,0,0,0,0,1,1
54389,747,183719,train2017,0.0,0.0,0.0,0,0,0,1,0,0,0,0,0,1,0,0,0,0,0,0,1,0
54361,746,445726,train2017,0.0,0.0,0.0,0,0,0,1,0,0,0,0,0,0,0,0,0,0,0,0,1,1
54257,745,445351,train2017,0.0,0.0,0.0,0,0,0,1,0,0,0,0,1,1,0,0,0,0,0,1,0,0
54147,744,182799,train2017,0.0,0.0,0.0,0,0,0,1,0,0,1,1,0,0,0,0,0,0,0,0,1,1
54078,743,189388,train2017,0.5,0.116177856931902,0.001818806357184,0,0,1,0,0,0,0,0,0,0,0,0,0,0,0,0,1,1
53891,742,181837,train2017,0.0,0.0,0.0,0,0,0,1,0,0,1,1,0,0,0,0,0,0,0,0,1,1
53881,741,443940,train2017,0.0,0.0,0.0,0,0,0,1,0,0,0,0,0,1,0,0,0,0,1,0,0,0
53858,740,161354,train2017,0.0,0.0,0.0,0,0,1,0,0,0,0,0,0,0,0,0,0,0,0,1,0,0
53773,739,443575,train2017,0.0,0.0,0.0,0,0,1,0,0,0,0,0,0,0,0,0,0,0,0,0,1,1
53728,738,204969,train2017,0.0,0.0,0.0,0,0,0,1,0,1,0,0,0,0,1,0,1,0,1,0,0,1
53727,737,443377,train2017,0.0,0.0,0.0,0,0,0,1,0,0,0,0,0,0,0,0,0,0,0,0,1,1
53570,736,180609,train2017,0.0,0.0,0.0,0,0,0,1,0,0,0,1,0,0,0,0,0,0,0,0,1,0
53511,735,180410,train2017,0.0,0.0,0.0,0,0,0,1,0,0,0,1,0,0,0,0,0,0,0,0,1,1
53489,734,442489,train2017,0.9,0.5667894850434736,0.201165899303885,1,0,0,0,1,0,0,0,0,0,1,0,1,0,1,0,0,0
53370,733,179914,train2017,0.0,0.0,0.0,0,0,0,1,0,0,1,1,0,0,0,0,0,0,0,0,1,1
53270,732,179480,train2017,0.0,0.0,0.0,0,0,0,1,0,0,1,1,0,0,0,0,0,0,0,0,1,0
53157,731,179034,train2017,0.0,0.0,0.0,0,0,0,1,0,0,1,1,0,1,0,0,0,0,0,0,0,1
53155,730,441172,train2017,0.0,0.0,0.0,0,0,0,1,0,0,0,1,0,0,0,0,0,0,0,0,1,1
53152,729,179019,train2017,1.0,1.0,0.1754384519394395,0,0,1,0,0,0,0,0,0,0,0,0,1,0,0,0,1,0
53070,728,395740,train2017,0.0,0.0,0.0,0,1,0,1,0,0,0,1,0,0,0,0,0,0,0,0,1,1
53052,727,440792,train2017,0.0,0.0,0.0,0,0,0,0,1,0,0,0,0,0,0,0,0,0,0,0,1,1
52990,726,178423,train2017,0.0,0.0,0.0,0,0,0,1,0,0,0,0,0,0,0,0,0,0,0,0,1,1
52931,725,440334,train2017,1.0,1.0,0.4161368928161067,1,0,0,0,1,0,0,0,0,0,1,0,0,0,0,1,0,0
52892,724,178031,train2017,0.0,0.0,0.0,0,0,0,1,0,0,0,1,0,1,0,0,0,0,0,0,1,0
52652,723,439241,train2017,0.25,0.0053781029595908,0.0002587865693836,0,0,1,0,0,0,0,0,0,0,0,0,0,0,0,0,1,1
52598,722,73172,train2017,0.0,0.0,0.0,0,0,0,1,0,0,1,1,0,0,0,0,0,0,0,0,1,1
52596,721,176873,train2017,0.0,0.0,0.0,0,0,0,1,0,0,0,1,0,0,0,0,0,0,0,0,1,1
52554,720,176728,train2017,0.0,0.0,0.0,0,0,0,1,0,0,0,0,0,0,0,0,0,0,0,0,1,1
52527,719,438751,train2017,0.0,0.0,0.0,0,0,0,1,0,0,0,0,1,1,0,0,0,0,0,0,1,1
52394,718,176085,train2017,0.875,0.2541263489049786,0.1249330406484475,1,0,1,0,0,0,0,0,0,0,1,0,1,0,1,0,0,0
52375,717,438154,train2017,0.0,0.0,0.0,0,0,0,1,0,0,1,1,0,1,0,0,0,0,0,0,1,0
52328,716,437967,train2017,0.9,0.2157457239034916,0.096572971623897,0,0,1,0,0,0,0,0,0,0,1,0,1,0,1,0,0,0
52302,715,175715,train2017,0.0,0.0,0.0,0,1,0,1,0,0,0,0,0,1,0,0,0,0,0,0,1,0
52216,714,437516,train2017,0.0,0.0,0.0,0,0,0,1,0,0,1,1,0,0,0,0,0,0,0,0,1,0
52070,713,291280,train2017,0.0,0.0,0.0,0,0,0,0,1,0,0,0,0,0,0,0,0,0,0,0,1,1
51988,712,174522,train2017,0.0,0.0,0.0,0,0,0,1,0,0,0,1,0,0,0,0,0,0,0,0,1,1
51983,711,174504,train2017,0.0,0.0,0.0,0,0,0,1,0,0,0,1,0,0,0,0,0,0,0,0,1,0
51965,710,436578,train2017,0.0,0.0,0.0,0,1,0,1,0,0,0,0,0,1,0,0,0,0,0,0,1,0
51928,709,174303,train2017,0.0,0.0,0.0,0,0,1,0,0,0,1,1,0,0,0,0,0,0,0,0,1,1
51907,708,174213,train2017,0.0,0.0,0.0,0,0,0,1,0,0,0,1,0,0,0,0,0,0,0,0,1,0
51843,707,173987,train2017,0.0,0.0,0.0,0,0,0,1,0,0,0,0,1,1,0,0,0,0,0,0,1,0
51788,706,435902,train2017,0.0,0.0,0.0,0,0,0,1,0,0,0,0,0,1,0,0,0,0,0,0,1,0
51745,705,28930,train2017,0.0,0.0,0.0,0,0,0,1,0,1,0,0,0,1,0,0,0,0,0,0,1,0
51521,704,420713,train2017,0.7,0.6833971223153124,0.119553882591856,1,0,1,0,0,1,0,0,0,0,1,0,1,0,0,1,0,0
51185,703,171374,train2017,0.0,0.0,0.0,0,0,1,0,0,0,0,0,0,1,0,0,0,0,0,0,1,1
51171,702,171328,train2017,1.0,1.0,0.046159667704991,0,0,0,1,0,1,0,0,0,0,0,0,0,0,0,0,1,0
51148,701,79701,train2017,0.0,0.0,0.0,0,0,1,0,0,0,1,1,0,0,0,0,0,0,0,0,1,0
8646,100,541856,train2017,1.0,1.0,0.4721137502060524,1,0,1,0,0,0,0,0,0,0,1,0,1,0,0,1,0,1
8631,99,271183,train2017,0.0,0.0,0.0,0,0,1,0,0,0,0,1,0,1,0,0,0,0,0,0,1,1
8509,98,541472,train2017,1.0,1.0,0.2899511888730998,1,0,1,0,0,0,0,0,0,0,1,0,1,0,1,0,0,0
8465,97,279197,train2017,0.0,0.0,0.0,0,0,0,1,0,0,0,1,0,0,0,0,0,0,0,0,1,0
8435,96,541258,train2017,0.6666666666666666,0.2744477387531683,0.1231005740443393,1,0,0,0,1,0,0,0,0,0,1,0,1,0,0,1,0,0
8415,95,16898,train2017,0.0,0.0,0.0,0,0,0,1,0,0,0,0,0,0,0,0,0,0,0,0,1,1
8394,94,278962,train2017,1.0,1.0,0.3392362538532204,1,0,1,0,0,0,0,0,0,0,1,0,1,0,0,1,0,0
8387,93,541077,train2017,0.0,0.0,0.0,0,0,0,1,0,0,0,1,0,0,0,0,0,0,0,0,1,1
8318,92,278714,train2017,0.0,0.0,0.0,0,0,1,0,0,0,0,0,0,0,0,0,0,0,0,0,1,1
8274,91,540735,train2017,0.0,0.0,0.0,0,0,0,1,0,0,0,0,1,1,0,0,0,0,0,0,1,0
8262,90,278555,train2017,0.0,0.0,0.0,0,0,0,1,0,0,0,1,0,0,0,0,0,0,0,0,1,1
8225,89,16314,train2017,0.0,0.0,0.0,0,0,0,1,0,0,1,1,0,0,0,0,0,0,0,0,1,1
8204,88,540538,train2017,0.0,0.0,0.0,0,0,1,0,0,0,0,0,1,0,0,0,0,0,0,0,1,0
8109,87,300383,train2017,0.0,0.0,0.0,0,0,0,1,0,0,0,1,0,0,0,0,0,0,0,0,1,1
8006,86,539879,train2017,0.0,0.0,0.0,0,0,0,1,0,0,0,1,0,0,0,0,0,0,0,0,1,0
7954,85,539705,train2017,0.0,0.0,0.0,0,0,0,1,0,0,0,0,0,0,0,0,0,0,0,0,1,1
7948,84,570543,train2017,0.0,0.0,0.0,0,0,0,1,0,0,0,0,0,0,0,0,0,0,0,0,1,1
7944,83,277524,train2017,0.0,0.0,0.0,0,1,0,1,0,0,0,0,0,1,0,0,0,0,0,0,1,0
7859,82,539395,train2017,0.0,0.0,0.0,0,0,0,1,0,0,0,0,0,0,0,0,0,0,0,0,1,1
7840,81,539340,train2017,0.0,0.0,0.0,0,0,1,0,0,0,0,0,1,1,0,0,0,0,0,0,1,1
7659,80,538822,train2017,0.0,0.0,0.0,0,0,1,0,0,0,0,1,0,0,0,0,0,0,1,0,0,1
7654,79,276664,train2017,0.6363636363636364,0.1591281120788747,0.0149164418560364,0,0,1,0,0,0,0,0,0,0,0,0,1,0,0,1,0,1
7480,78,13969,train2017,0.7142857142857143,0.7175665861331089,0.1599996551128691,1,0,1,0,0,0,1,0,0,0,1,0,1,0,1,0,0,0
7418,77,275938,train2017,0.0,0.0,0.0,0,0,0,1,0,0,1,1,0,0,0,0,0,0,0,0,1,1
7409,76,275902,train2017,0.0,0.0,0.0,0,0,0,1,0,0,0,0,0,0,0,0,0,0,0,0,1,1
7366,75,399878,train2017,0.0,0.0,0.0,0,0,0,1,0,0,0,0,0,0,0,0,0,0,0,0,1,1
7336,74,275663,train2017,1.0,1.0,0.2159643602973119,1,0,1,0,0,0,0,0,0,0,1,0,1,0,1,0,0,0
7207,73,537393,train2017,0.0,0.0,0.0,0,0,0,1,0,0,0,0,1,1,0,0,0,0,0,0,1,0
7120,72,274978,train2017,0.0,0.0,0.0,0,0,0,1,0,0,0,1,0,0,0,0,0,0,0,0,1,1
7039,71,536884,train2017,0.0,0.0,0.0,0,0,0,1,0,0,0,0,0,0,0,0,0,0,0,0,1,1
7007,70,536786,train2017,0.0,0.0,0.0,0,0,0,1,0,0,0,0,1,1,0,0,0,0,0,0,1,0
6801,69,11856,train2017,0.1428571428571428,0.0262035208844493,0.0019533208066879,0,0,0,1,0,0,1,1,0,0,0,0,0,0,0,0,1,1
6713,68,535871,train2017,0.0,0.0,0.0,0,0,0,1,0,0,0,1,0,0,0,0,0,0,0,0,1,0
6640,67,11358,train2017,0.0,0.0,0.0,0,0,0,1,0,0,0,1,0,0,0,0,0,0,0,0,1,0
6558,66,273250,train2017,0.5,0.2435679306618459,0.0561554813051416,0,0,1,0,0,0,0,1,0,0,1,0,1,0,0,1,0,0
6524,65,273147,train2017,0.0,0.0,0.0,0,0,0,1,0,0,0,1,0,0,0,0,0,0,0,0,1,0
6521,64,273138,train2017,0.8333333333333334,0.818250783210212,0.3099791463567605,1,0,1,0,0,0,0,0,0,0,1,0,1,0,1,0,0,0
6514,63,273120,train2017,0.0,0.0,0.0,0,0,0,1,0,0,0,1,0,0,0,0,0,0,0,0,1,1
6489,62,10903,train2017,0.0,0.0,0.0,0,0,1,0,0,1,0,0,0,0,0,0,1,0,0,0,1,1
6444,61,272901,train2017,0.0,0.0,0.0,0,0,0,1,0,0,0,1,0,0,0,0,0,0,0,0,1,1
6431,60,10710,train2017,0.0,0.0,0.0,0,0,0,1,0,0,0,1,0,0,0,0,0,0,0,0,1,1
6222,59,10046,train2017,1.0,1.0,0.3248044379684756,1,0,0,0,1,0,0,0,0,0,1,0,1,0,1,0,0,0
6199,58,534259,train2017,0.0,0.0,0.0,0,0,0,1,0,0,0,0,0,0,0,0,0,0,0,0,1,1
6132,57,1625,train2017,0.0,0.0,0.0,0,0,0,1,0,0,0,0,0,0,0,0,0,0,0,0,1,1
5890,56,8998,train2017,0.0,0.0,0.0,0,0,0,1,0,0,0,0,0,0,0,0,0,0,0,0,1,1
5878,55,533231,train2017,0.0,0.0,0.0,0,0,0,1,0,0,0,0,0,0,0,0,0,0,0,0,1,1
5714,54,532753,train2017,0.0,0.0,0.0,0,0,0,1,0,0,0,0,0,0,0,0,0,0,0,0,1,1
5602,53,270278,train2017,0.0,0.0,0.0,0,0,0,1,0,0,0,0,0,0,0,0,0,0,0,0,1,1
5583,52,8053,train2017,0.0,0.0,0.0,0,0,0,1,0,0,0,1,0,0,0,0,1,0,0,0,1,1
5574,51,8027,train2017,0.0,0.0,0.0,0,0,0,1,0,0,0,0,0,1,0,0,0,0,0,0,1,0
5542,50,7932,train2017,0.0,0.0,0.0,0,0,0,1,0,0,1,1,0,0,0,0,0,0,0,0,1,1
5502,49,219750,train2017,0.0,0.0,0.0,0,0,0,1,0,0,0,0,0,0,0,0,0,0,0,0,1,1
5459,48,11299,train2017,0.0,0.0,0.0,0,0,0,1,0,0,0,0,0,0,0,0,0,0,0,0,1,1
5427,47,531828,train2017,0.5,0.4172977927357654,0.1224149713303908,0,0,0,1,0,0,0,0,0,0,1,0,0,0,1,0,0,0
5338,46,531515,train2017,0.0,0.0,0.0,0,0,0,1,0,0,0,1,0,0,0,0,0,0,0,0,1,1
5301,45,531392,train2017,0.0,0.0,0.0,0,0,1,0,0,0,0,0,0,0,0,0,0,0,0,1,0,1
5285,44,7048,train2017,0.0,0.0,0.0,0,0,0,1,0,0,0,0,0,1,0,0,0,0,0,0,1,0
5204,43,6765,train2017,0.0,0.0,0.0,0,0,0,1,0,0,0,0,0,0,0,0,0,0,0,0,1,1
5106,42,268659,train2017,0.0,0.0,0.0,0,0,0,1,0,0,0,0,0,1,0,0,0,0,0,0,1,0
5034,41,268418,train2017,0.0,0.0,0.0,0,0,0,1,0,0,0,1,0,0,0,0,0,0,0,0,1,1
4930,40,268114,train2017,0.0,0.0,0.0,0,0,0,1,0,0,0,0,0,0,0,0,0,0,0,0,1,1
4892,39,268008,train2017,0.0,0.0,0.0,0,0,0,1,0,0,0,1,0,0,0,0,0,0,0,0,1,1
4869,38,312536,train2017,1.0,1.0,0.299745381463673,1,0,1,0,0,0,0,0,0,0,1,0,1,0,1,0,0,0
4835,37,5684,train2017,0.0,0.0,0.0,0,0,0,1,0,0,0,0,0,0,0,0,0,0,0,0,1,1
4786,36,267699,train2017,0.0,0.0,0.0,0,0,0,1,0,0,0,0,0,0,0,0,0,0,0,0,1,1
4768,35,267647,train2017,1.0,1.0,0.2149613640747064,0,0,1,0,0,0,0,0,0,0,1,0,1,0,1,0,0,1
4690,34,5277,train2017,0.8,0.1070138922935813,0.0116436533166633,0,0,1,0,0,0,0,0,0,0,0,0,0,0,0,0,1,1
4667,33,267338,train2017,0.0,0.0,0.0,0,0,1,0,0,0,0,0,0,1,0,0,0,0,0,0,1,1
4612,32,5028,train2017,0.0833333333333333,0.1692608566984595,0.0183109160023323,0,1,1,0,0,0,1,1,0,0,0,0,0,0,0,0,1,1
4436,31,266622,train2017,0.75,0.3015417187691596,0.1686924756854185,1,0,1,0,0,0,0,0,0,0,1,0,1,0,1,0,0,0
4423,30,4442,train2017,0.0,0.0,0.0,0,0,1,0,0,0,1,1,0,0,0,0,0,0,0,0,1,0
4325,29,393907,train2017,0.0,0.0,0.0,0,0,0,1,0,0,0,0,0,1,0,0,0,0,0,0,1,0
4249,28,558788,train2017,0.0,0.0,0.0,0,0,0,1,0,0,0,0,0,0,0,0,0,0,0,0,1,1
4156,27,265745,train2017,0.8,0.1944188819288619,0.0586457408734655,0,0,1,0,0,0,0,0,0,0,1,0,1,0,1,0,0,1
4129,26,3521,train2017,0.0,0.0,0.0,0,0,1,0,0,0,0,0,1,1,0,0,0,0,0,1,0,1
4058,25,527618,train2017,0.0,0.0,0.0,0,1,0,1,0,0,0,0,0,1,0,0,0,0,0,0,1,0
4051,24,265453,train2017,0.0,0.0,0.0,0,0,0,1,0,0,1,1,1,1,0,0,0,0,0,0,1,0
3951,23,265150,train2017,0.0,0.0,0.0,0,0,0,1,0,0,0,0,0,0,0,0,0,0,0,0,1,1
3913,22,265023,train2017,0.0,0.0,0.0,0,0,0,1,0,0,1,1,0,0,0,0,0,0,0,0,1,0
3856,21,274108,train2017,0.0,0.0,0.0,0,0,1,0,0,0,1,1,0,0,0,0,0,0,0,0,1,1
3847,20,526980,train2017,0.0,0.0,0.0,0,0,1,0,0,0,0,0,0,0,0,0,0,0,0,0,1,1
3842,19,526968,train2017,0.0,0.0,0.0,0,0,0,1,0,0,1,1,0,0,0,0,0,0,0,0,1,1
3809,18,264735,train2017,0.0,0.0,0.0,0,0,0,1,0,0,0,0,0,1,0,0,0,0,0,0,1,0
3729,17,2372,train2017,0.0,0.0,0.0,0,0,1,0,0,0,1,1,0,0,0,0,0,0,0,0,1,0
3687,16,2270,train2017,0.3076923076923077,0.0115499033338689,0.0013076613064063,0,0,1,0,0,0,0,0,0,0,0,0,0,0,0,0,1,1
3682,15,264396,train2017,0.0,0.0,0.0,0,0,0,1,0,0,0,0,0,0,0,0,0,0,0,0,1,1
3626,14,264244,train2017,0.0,0.0,0.0,0,0,1,0,0,0,1,1,0,0,0,0,0,0,0,0,1,1
3489,13,525932,train2017,0.0,0.0,0.0,0,0,0,1,0,0,0,0,1,1,0,0,0,0,0,0,1,0
3449,12,525790,train2017,0.0,0.0,0.0,0,0,0,1,0,0,1,1,0,0,0,0,0,0,0,0,1,0
3434,11,263599,train2017,0.0,0.0,0.0,0,0,0,1,0,0,0,0,0,0,0,0,0,0,0,0,1,1
3386,10,1308,train2017,0.0,0.0,0.0,0,0,0,1,0,0,1,1,0,0,0,0,0,0,0,0,1,0
3181,9,650,train2017,0.0,0.0,0.0,0,0,0,1,0,0,0,0,1,1,0,0,0,0,0,0,1,0
3171,8,625,train2017,0.0,0.0,0.0,0,0,0,1,0,0,1,1,0,0,0,0,0,0,0,0,1,1
3164,7,605,train2017,0.75,0.1348880552750162,0.0605496590121771,0,0,1,0,0,0,0,0,0,0,1,0,1,0,1,0,0,1
3157,6,584,train2017,1.0,1.0,0.3955631719518857,1,0,1,0,0,0,0,0,0,0,1,0,1,0,1,0,0,0
3146,5,262690,train2017,0.0,0.0,0.0,0,0,0,1,0,0,0,0,0,0,0,0,0,0,0,0,1,0
3077,4,524646,train2017,0.0,0.0,0.0,0,0,0,1,0,0,0,1,0,0,0,0,0,0,0,0,1,1
3049,3,262414,train2017,0.0,0.0,0.0,0,0,0,1,0,0,0,1,0,0,0,0,0,0,0,0,1,0
2990,2,262239,train2017,0.8,0.3854530756157396,0.0645499312358368,0,1,1,0,0,0,1,1,0,0,1,0,1,0,0,0,0,1
2950,1,262145,train2017,0.4375,0.2328964081016846,0.0459833688687121,0,0,0,1,0,0,0,1,0,0,1,0,0,0,0,0,1,0
29919,400,350299,train2017,0.0,0.0,0.0,0,0,0,1,0,0,0,0,1,1,0,0,0,0,0,0,1,1
29886,399,320508,train2017,0.0,0.0,0.0,0,0,0,1,0,0,0,0,0,0,0,0,0,0,0,0,1,1
29837,398,87871,train2017,0.1111111111111111,0.0332742574218168,0.0080815826600716,0,0,1,0,0,0,0,0,0,1,0,0,0,0,0,1,0,1
29711,397,87334,train2017,0.1428571428571428,0.0117604740357468,0.0023390686983434,0,0,1,0,0,0,0,0,0,1,0,0,1,0,0,0,1,1
29680,396,349363,train2017,0.0,0.0,0.0,0,0,0,1,0,0,0,0,0,0,0,0,0,0,0,0,1,1
29663,395,87146,train2017,0.0,0.0,0.0,0,0,0,1,0,0,0,0,0,1,0,0,0,0,0,0,1,0
29660,394,87126,train2017,0.6428571428571429,0.8809909175232588,0.0581025505103698,1,0,1,0,0,0,0,0,0,0,0,0,1,0,0,0,1,0
29568,393,86811,train2017,0.0,0.0,0.0,0,0,0,1,0,1,0,0,0,1,0,0,0,0,0,0,1,0
29381,392,348204,train2017,0.0,0.0,0.0,0,0,0,1,0,0,0,0,1,1,0,0,0,0,0,0,1,0
29021,391,346795,train2017,0.0,0.0,0.0,0,0,0,1,0,0,0,1,0,0,0,0,0,0,0,0,1,0
29010,390,346754,train2017,0.5454545454545454,0.1916092054530792,0.0206803760161642,0,0,1,0,0,0,0,0,0,0,0,0,1,0,0,0,1,0
28963,389,346583,train2017,0.0,0.0,0.0,0,0,0,0,1,0,0,0,0,1,0,0,0,0,1,0,0,1
28898,388,84174,train2017,0.0,0.0,0.0,0,0,0,1,0,0,0,1,0,0,0,0,0,0,0,0,1,1
28788,387,83738,train2017,0.5,0.083298348364489,0.0046211463077158,0,0,1,0,0,0,0,0,0,0,0,0,0,0,0,0,1,1
28755,386,83632,train2017,0.0,0.0,0.0,0,0,0,1,0,0,0,0,0,0,0,0,0,0,0,0,1,1
28751,385,345751,train2017,0.0,0.0,0.0,0,0,0,1,0,0,0,1,0,0,0,0,0,0,0,0,1,1
28745,384,345725,train2017,0.0,0.0,0.0,0,0,0,1,0,1,0,0,1,1,0,0,0,0,0,0,1,0
28689,383,83393,train2017,0.0,0.0,0.0,0,0,0,1,0,0,0,0,0,0,0,0,0,0,0,0,1,1
28595,382,345149,train2017,0.0,0.0,0.0,0,0,0,1,0,0,0,1,0,0,0,0,0,0,0,0,1,1
28524,381,82770,train2017,0.0,0.0,0.0,0,0,0,1,0,0,0,0,0,0,0,0,0,0,0,0,1,1
28487,380,82650,train2017,0.0,0.0,0.0,0,0,0,1,0,0,0,0,0,0,0,0,0,0,0,0,1,1
28418,379,569678,train2017,0.0,0.0,0.0,0,0,0,1,0,0,1,1,0,0,0,0,0,0,0,0,1,0
28349,378,319517,train2017,0.0,0.0,0.0,0,0,0,1,0,0,0,1,0,0,0,0,0,0,0,0,1,0
28341,377,450584,train2017,0.0,0.0,0.0,0,0,1,0,0,1,0,0,0,0,0,0,0,0,0,1,0,1
28325,376,81995,train2017,0.0,0.0,0.0,0,0,0,1,0,0,0,1,0,1,0,0,0,0,0,0,1,0
28319,375,81961,train2017,0.0,0.0,0.0,0,0,0,1,0,0,0,1,0,0,0,0,0,0,0,0,1,0
28303,374,46372,train2017,0.0,0.0,0.0,0,0,0,1,0,0,0,1,0,0,0,0,0,0,0,0,1,1
28286,373,81841,train2017,0.0,0.0,0.0,0,0,1,0,0,0,0,0,0,0,0,0,0,0,0,0,1,1
28189,372,81474,train2017,0.0,0.0,0.0,0,0,0,1,0,0,0,0,1,1,0,0,0,0,0,0,1,0
28159,371,81365,train2017,1.0,1.0,0.0630682285917831,0,0,1,0,0,0,0,0,0,0,1,0,1,0,0,1,0,0
28096,370,81105,train2017,0.5,0.5898500887839546,0.1371465410014554,0,0,0,0,1,0,0,0,0,0,1,0,1,0,1,0,0,0
28068,369,80987,train2017,0.0,0.0,0.0,0,0,0,1,0,0,0,0,1,1,0,0,0,0,0,0,1,0
28024,368,8471,train2017,0.0,0.0,0.0,0,0,0,1,0,0,0,0,0,0,0,0,0,0,0,0,1,1
27972,367,80619,train2017,0.0,0.0,0.0,0,0,1,0,0,0,1,1,0,0,0,0,0,0,0,0,1,0
27878,366,80275,train2017,0.0,0.0,0.0,0,0,0,1,0,0,0,0,1,1,0,0,0,0,0,0,1,0
27830,365,80084,train2017,0.8333333333333334,0.3799192022730795,0.0814796365761498,0,0,1,0,0,0,1,1,0,0,0,0,1,0,0,0,1,0
27580,364,275335,train2017,0.0,0.0,0.0,0,0,1,0,0,0,0,0,0,0,0,0,0,0,0,0,1,1
27568,363,79111,train2017,1.0,1.0,0.2863557153793486,1,0,0,1,0,0,0,0,0,0,1,0,1,0,1,0,0,0
27435,362,340734,train2017,0.0,0.0,0.0,0,0,0,1,0,0,0,0,1,0,0,0,0,0,0,0,1,1
27326,361,340317,train2017,0.0,0.0,0.0,0,0,0,1,0,0,1,1,0,0,0,0,0,0,0,0,1,1
27287,360,78042,train2017,0.0,0.0,0.0,0,0,0,1,0,0,0,0,0,0,0,0,0,0,0,0,1,1
27275,359,78000,train2017,0.0,0.0,0.0,0,0,0,1,0,0,0,0,1,1,0,0,0,0,0,0,1,0
27242,358,77870,train2017,0.0,0.0,0.0,0,0,1,0,0,0,0,0,1,1,0,0,0,0,1,0,0,1
26990,357,338987,train2017,0.0,0.0,0.0,0,0,0,1,0,0,0,1,0,0,0,0,0,0,0,0,1,1
26971,356,12795,train2017,0.0,0.0,0.0,0,0,0,1,0,0,0,1,0,0,0,0,0,0,0,0,1,1
26909,355,338670,train2017,0.6756756756756757,0.9170335571437186,0.1573225877103995,1,0,1,0,0,0,0,1,0,0,1,0,1,0,0,1,0,0
26895,354,76476,train2017,0.0,0.0,0.0,0,0,0,1,0,0,0,0,0,0,0,0,0,0,0,0,1,1
26780,353,338169,train2017,0.0,0.0,0.0,0,0,0,1,0,0,0,1,0,0,0,0,0,0,0,0,1,1
26720,352,274776,train2017,0.3,0.0319753797343375,0.0032467524965925,0,0,1,0,0,0,0,0,0,0,0,0,0,0,0,0,1,1
26598,351,337479,train2017,0.0,0.0,0.0,0,1,0,1,0,0,0,0,0,1,0,0,0,0,0,0,1,0
26458,350,74828,train2017,0.0,0.0,0.0,0,0,0,1,0,1,0,0,1,1,0,0,0,0,0,0,1,0
26435,349,74714,train2017,0.0,0.0,0.0,0,0,0,1,0,0,0,1,0,0,0,0,0,0,0,0,1,1
26372,348,74461,train2017,0.0,0.0,0.0,0,0,0,1,0,0,0,1,0,0,0,0,0,0,0,0,1,1
26351,347,74390,train2017,0.0,0.0,0.0,0,0,0,1,0,1,0,0,1,1,0,0,0,0,0,0,1,0
26307,346,336374,train2017,0.0,0.0,0.0,0,0,0,1,0,0,0,1,0,0,0,0,0,0,0,0,1,1
26292,345,281567,train2017,0.0,0.0,0.0,0,0,1,0,0,0,0,0,0,0,0,0,0,0,0,0,1,1
26243,344,73997,train2017,0.0,0.0,0.0,0,0,0,1,0,0,1,1,0,0,0,0,0,0,0,0,1,1
26163,343,335824,train2017,0.0,0.0,0.0,0,0,0,1,0,0,0,1,0,0,0,0,0,0,0,0,1,0
26127,342,335688,train2017,0.2857142857142857,0.042968076582969,0.0043546986604018,0,0,1,0,0,0,0,0,0,0,0,0,0,0,0,1,0,1
26119,341,492851,train2017,0.3333333333333333,0.027308041067298,0.0087506470369874,0,1,1,0,0,0,1,1,0,0,1,1,1,0,0,1,0,0
25959,340,335063,train2017,0.0,0.0,0.0,0,0,0,1,0,0,1,1,0,0,0,0,0,0,0,0,1,0
25906,339,72715,train2017,0.375,0.9293944400619226,0.1147508402725385,0,0,1,0,0,0,0,0,0,0,0,0,1,0,0,1,0,0
25881,338,334772,train2017,0.0,0.0,0.0,0,0,0,1,0,0,0,0,1,1,0,0,0,0,0,0,1,0
25746,337,72095,train2017,0.0,0.0,0.0,0,0,0,1,0,0,1,1,0,0,0,0,0,0,0,0,1,1
25741,336,334208,train2017,1.0,1.0,0.2107012585143187,1,0,0,0,1,0,0,0,0,0,1,0,0,0,1,0,0,0
25711,335,71927,train2017,0.0,0.0,0.0,0,0,0,1,0,0,0,1,0,0,0,0,0,0,0,0,1,1
25702,334,334048,train2017,0.0,0.0,0.0,0,0,0,1,0,0,0,0,0,1,0,0,0,0,0,0,1,0
25693,333,334011,train2017,0.0,0.0,0.0,0,0,0,1,0,0,1,1,1,1,0,0,0,0,0,0,1,0
25602,332,579906,train2017,0.0,0.0,0.0,0,0,0,1,0,0,0,1,0,0,0,0,0,0,0,0,1,1
25588,331,333654,train2017,0.0,0.0,0.0,0,0,0,1,0,0,0,0,0,0,0,0,0,0,0,0,1,1
25581,330,333629,train2017,0.0,0.0,0.0,0,0,0,1,0,0,0,1,0,0,0,0,0,0,0,0,1,1
25578,329,333615,train2017,0.0,0.0,0.0,0,0,0,1,0,0,0,1,0,0,0,0,0,0,0,0,1,1
25570,328,71429,train2017,1.0,1.0,0.0211548895326506,0,0,0,0,1,1,0,0,0,0,0,0,0,0,1,0,0,0
25454,327,333152,train2017,0.0,0.0,0.0,0,0,0,1,0,0,0,1,0,0,0,0,0,0,0,0,1,1
25371,326,332875,train2017,0.3928571428571428,0.0984361770421236,0.0320318948094561,0,1,1,0,0,0,1,1,0,0,1,1,1,0,0,1,0,0
25319,325,2349,train2017,0.4,0.0035390040269623,0.0012434323614152,0,0,1,0,0,0,0,0,0,1,0,0,0,0,0,0,1,1
25318,324,332692,train2017,0.0,0.0,0.0,0,0,0,1,0,0,0,0,0,1,0,0,0,0,0,0,1,0
25287,323,332574,train2017,1.0,1.0,0.1532308147697425,1,0,1,0,0,0,0,0,0,0,0,0,1,0,0,1,0,0
25284,322,70421,train2017,0.0,0.0,0.0,0,0,0,1,0,0,0,0,1,0,0,0,0,0,0,0,1,1
25268,321,332498,train2017,0.0,0.0,0.0,0,0,0,1,0,0,0,0,0,1,0,0,0,0,0,0,1,0
25250,320,332448,train2017,0.0,0.0,0.0,0,0,1,0,0,1,0,0,0,0,0,0,0,0,0,0,1,0
25205,319,332261,train2017,0.0,0.0,0.0,0,0,0,1,0,0,0,1,0,0,0,0,0,0,0,0,1,0
25111,318,69705,train2017,0.0,0.0,0.0,0,0,0,1,0,0,0,0,0,1,0,0,0,0,0,0,1,0
25091,317,69625,train2017,0.0,0.0,0.0,0,0,0,1,0,0,0,1,0,0,0,0,0,0,0,0,1,1
25059,316,246728,train2017,0.0,0.0,0.0,0,0,0,1,0,0,0,0,0,0,0,0,0,0,0,0,1,1
24846,315,68623,train2017,0.0,0.0,0.0,0,0,0,1,0,0,0,0,0,1,0,0,0,0,0,0,1,0
24787,314,55090,train2017,0.0,0.0,0.0,0,0,1,0,0,0,0,1,0,0,0,0,0,0,0,0,1,1
24740,313,11373,train2017,0.0,0.0,0.0,0,0,0,1,0,1,0,0,1,1,0,0,0,0,0,0,1,0
24739,312,68238,train2017,0.0,0.0,0.0,0,0,0,1,0,0,0,0,1,1,0,0,0,0,1,0,0,1
24649,311,67961,train2017,1.0,1.0,0.2246762052880627,1,0,0,0,1,0,0,0,0,0,1,0,0,0,1,0,0,0
24640,310,330086,train2017,0.0,0.0,0.0,0,0,1,0,0,0,0,1,0,0,0,0,0,0,0,0,1,1
24638,309,330084,train2017,0.0,0.0,0.0,0,0,0,1,0,0,0,0,1,0,0,0,0,0,0,0,1,0
24560,308,67623,train2017,0.0,0.0,0.0,0,0,0,1,0,0,0,0,0,0,0,0,0,0,0,0,1,1
24530,307,329641,train2017,0.0,0.0,0.0,0,0,1,0,0,0,0,0,1,1,0,0,0,0,0,1,0,1
24517,306,281575,train2017,0.0,0.0,0.0,0,0,0,1,0,0,1,1,1,1,0,0,0,0,0,0,1,0
24480,305,67347,train2017,0.0,0.0,0.0,0,0,0,1,0,0,0,0,0,0,0,0,0,0,0,0,1,1
24317,304,66696,train2017,0.0,0.0,0.0,0,0,1,0,0,0,0,0,0,0,0,0,0,0,0,0,1,1
24264,303,328628,train2017,0.0,0.0,0.0,0,0,0,1,0,0,0,1,0,0,0,0,0,0,0,0,1,1
24214,302,328454,train2017,0.0,0.0,0.0,0,0,0,1,0,0,0,0,0,1,0,0,0,0,0,0,1,0
24202,301,66253,train2017,0.0,0.0,0.0,0,0,1,0,0,0,0,0,1,1,0,0,0,0,0,0,0,1
38060,500,381961,train2017,0.0,0.0,0.0,0,0,0,1,0,0,0,0,1,1,0,0,0,0,0,0,1,0
38025,499,575164,train2017,0.0,0.0,0.0,0,0,0,1,0,0,1,1,0,0,0,0,0,0,0,0,1,1
38022,498,119669,train2017,0.0,0.0,0.0,0,1,0,1,0,0,0,0,1,1,0,0,0,0,0,0,1,0
37927,497,282032,train2017,0.0,0.0,0.0,0,0,0,1,0,0,0,1,0,0,0,0,0,0,0,0,1,1
37801,496,380989,train2017,0.0,0.0,0.0,0,0,0,1,0,0,0,0,1,1,0,0,0,0,0,0,1,0
37736,495,380729,train2017,0.0,0.0,0.0,0,0,0,1,0,0,0,0,0,0,0,0,0,0,0,0,1,1
37608,494,380227,train2017,0.0,0.0,0.0,0,0,0,1,0,0,0,1,0,0,0,0,0,0,0,0,1,1
37494,493,379713,train2017,0.0,0.0,0.0,0,0,0,1,0,0,1,1,0,0,0,0,0,0,0,0,1,1
37436,492,150636,train2017,0.0,0.0,0.0,0,0,0,1,0,0,0,1,0,0,0,0,0,0,0,0,1,1
37224,491,116603,train2017,1.0,1.0,0.2407265953369989,1,0,1,0,0,0,0,0,0,0,1,0,0,0,1,0,0,0
37221,490,116588,train2017,0.7878787878787878,0.2405991431025725,0.0484126818978076,0,0,1,0,0,0,0,0,0,0,1,0,1,0,0,0,1,0
37059,489,115967,train2017,0.0,0.0,0.0,0,0,0,1,0,0,0,0,0,0,0,0,0,0,0,0,1,1
36978,488,115649,train2017,1.0,1.0,0.0985181389128783,0,0,1,0,0,0,0,0,0,0,1,0,1,0,0,0,1,0
36974,487,115637,train2017,0.0,0.0,0.0,0,0,0,1,0,1,0,0,0,0,0,0,0,0,0,0,1,1
36945,486,377703,train2017,0.0,0.0,0.0,0,0,0,0,1,0,0,0,0,0,0,0,0,0,0,0,1,1
36910,485,377576,train2017,0.0,0.0,0.0,0,0,0,1,0,1,0,0,1,1,0,0,0,0,0,0,1,0
36759,484,114822,train2017,0.0,0.0,0.0,0,0,0,1,0,0,0,1,0,0,0,0,0,0,0,0,1,0
36731,483,376858,train2017,0.0,0.0,0.0,0,0,0,1,0,0,0,0,1,1,0,0,0,0,0,0,1,0
36682,482,376643,train2017,0.0,0.0,0.0,0,0,0,1,0,0,0,0,0,1,0,0,0,0,0,0,1,1
36629,481,114274,train2017,0.0,0.0,0.0,0,0,0,1,0,0,0,0,0,0,0,0,0,0,0,0,1,1
36623,480,376407,train2017,0.0,0.0,0.0,0,0,0,1,0,0,0,1,0,0,0,0,0,0,0,0,1,1
36576,479,114077,train2017,0.0,0.0,0.0,0,0,0,1,0,0,0,0,0,0,0,0,0,0,0,0,1,1
36569,478,114035,train2017,0.25,0.4289782537553259,0.0855252817425148,0,0,1,0,0,0,1,1,0,0,1,0,1,0,0,0,1,0
36476,477,113593,train2017,0.0,0.0,0.0,0,0,0,1,0,0,0,0,1,1,0,0,0,0,0,0,1,1
36258,476,112734,train2017,0.0,0.0,0.0,0,0,0,1,0,0,0,0,1,1,0,0,0,0,0,0,1,0
36067,475,373970,train2017,0.1428571428571428,0.0071443103424255,0.0013042711931782,0,0,0,1,0,0,1,1,0,0,0,0,0,0,0,0,1,1
35986,474,373679,train2017,0.0,0.0,0.0,0,0,0,0,1,0,0,0,1,0,0,0,0,0,1,0,0,1
35798,473,372959,train2017,0.0,0.0,0.0,0,1,0,1,0,0,0,0,0,1,0,0,0,0,0,0,1,0
35790,472,110780,train2017,0.0,0.0,0.0,0,0,0,1,0,0,0,1,0,0,0,0,0,0,0,0,1,1
35752,471,372775,train2017,0.8,0.2608970069735295,0.0055447725223661,0,0,1,0,0,0,0,0,0,0,0,0,0,0,0,0,1,1
35743,470,110611,train2017,0.0,0.0,0.0,0,0,0,1,0,0,0,0,0,1,0,0,0,0,0,0,1,0
35129,469,370369,train2017,0.0,0.0,0.0,0,0,0,1,0,1,0,0,0,1,0,0,0,0,0,0,1,0
35094,468,542304,train2017,0.0,0.0,0.0,0,0,0,1,0,0,0,0,0,1,0,0,0,0,0,0,1,0
34975,467,17935,train2017,0.0,0.0,0.0,0,0,0,1,0,0,0,1,0,0,0,0,0,0,0,0,1,1
34874,466,107204,train2017,0.0,0.0,0.0,0,0,0,1,0,0,1,1,0,0,0,0,0,0,0,0,1,0
34850,465,369253,train2017,0.0,0.0,0.0,0,0,0,1,0,0,0,1,0,0,0,0,0,0,0,0,1,1
34845,464,369230,train2017,0.0,0.0,0.0,0,0,0,1,0,0,0,0,1,1,0,0,0,0,0,0,1,1
34829,463,369171,train2017,0.0,0.0,0.0,0,0,0,1,0,0,1,1,0,0,0,0,0,0,0,0,1,1
34751,462,368852,train2017,0.25,0.017412490772583,0.0056812883625296,0,0,1,0,0,0,0,1,1,0,0,0,0,0,1,0,0,1
34603,461,106107,train2017,0.0,0.0,0.0,0,0,0,1,0,0,0,1,0,0,0,0,0,0,0,0,1,0
34418,460,367552,train2017,0.0,0.0,0.0,0,0,0,1,0,0,1,1,0,0,0,0,0,0,0,0,1,1
34238,459,366802,train2017,0.0,0.0,0.0,0,1,0,1,0,0,0,0,0,1,0,0,0,0,0,0,1,0
34186,458,104502,train2017,0.0,0.0,0.0,0,0,1,0,0,0,0,0,0,0,0,0,0,0,0,0,1,1
34126,457,366396,train2017,0.0,0.0,0.0,0,0,0,1,0,0,0,1,0,0,0,0,0,0,0,0,1,1
34089,456,104081,train2017,0.0,0.0,0.0,0,0,0,1,0,1,0,0,0,1,0,0,0,0,0,0,1,0
34080,455,104044,train2017,0.0,0.0,0.0,0,0,0,1,0,0,0,1,0,0,0,0,0,0,0,0,1,1
34068,454,366146,train2017,0.0,0.0,0.0,0,0,0,1,0,0,0,1,0,0,0,0,0,0,0,0,1,1
33906,453,103366,train2017,0.0,0.0,0.0,0,0,0,1,0,0,1,1,0,0,0,0,0,0,0,0,1,1
33813,452,365218,train2017,0.7894736842105263,0.6535475594970591,0.2097557281249225,1,0,0,1,0,0,1,0,0,0,1,0,0,0,0,1,0,0
33752,451,365003,train2017,0.0,0.0,0.0,0,0,1,0,0,0,0,0,0,0,0,0,0,0,0,0,1,1
33543,450,570785,train2017,0.0,0.0,0.0,0,0,0,1,0,0,0,0,0,0,0,0,0,0,0,0,1,1
33521,449,101952,train2017,0.0909090909090909,0.0630148536378369,0.0041095028771976,0,0,1,0,0,0,0,0,0,0,0,0,0,0,0,1,0,1
33289,448,101069,train2017,0.0,0.0,0.0,0,0,0,1,0,0,0,0,0,0,0,0,0,0,0,0,1,1
33245,447,100863,train2017,0.0,0.0,0.0,0,0,1,0,0,0,0,0,0,0,0,0,0,0,0,1,0,1
33189,446,100599,train2017,0.0,0.0,0.0,0,0,0,1,0,0,1,1,1,1,0,0,0,0,0,0,1,1
33171,445,362677,train2017,0.0,0.0,0.0,0,0,0,1,0,0,0,0,0,1,0,0,0,0,0,0,1,0
33131,444,100396,train2017,0.1914893617021276,0.0079187038356715,0.0025355487708003,0,0,1,0,0,0,1,1,0,0,0,1,1,0,0,0,1,0
32910,443,99580,train2017,0.0,0.0,0.0,0,0,1,0,0,0,0,0,0,0,0,0,0,0,0,0,1,1
32891,442,361648,train2017,0.0,0.0,0.0,0,0,0,1,0,0,0,0,0,0,0,0,0,0,0,0,1,1
32857,441,99363,train2017,0.0,0.0,0.0,0,0,0,1,0,0,1,1,0,0,0,0,0,0,0,0,1,1
32772,440,361197,train2017,0.875,0.8494352259942363,0.2939754651170527,0,0,1,0,0,0,0,0,0,0,1,0,1,0,1,0,0,0
32771,439,361193,train2017,0.0,0.0,0.0,0,1,0,1,0,1,0,0,1,1,0,0,0,0,0,0,1,0
32716,438,147547,train2017,0.0,0.0,0.0,0,0,0,1,0,1,0,0,0,0,0,0,0,0,0,1,0,1
32643,437,60117,train2017,0.0,0.0,0.0,0,0,0,1,0,0,0,0,1,1,0,0,0,0,0,0,1,0
32625,436,98480,train2017,0.9230769230769232,0.980096611305114,0.0723525854194629,0,0,1,0,0,0,0,0,0,0,0,0,1,0,0,0,1,1
32307,435,97218,train2017,0.0,0.0,0.0,0,0,1,0,0,0,1,1,0,0,0,0,0,0,0,0,1,1
32303,434,97201,train2017,0.0,0.0,0.0,0,0,0,1,0,1,0,0,0,1,0,0,0,0,0,0,1,0
32232,433,359085,train2017,0.0,0.0,0.0,0,0,0,1,0,0,0,0,1,1,0,0,0,0,1,0,0,1
32053,432,96161,train2017,0.0,0.0,0.0,0,1,0,1,0,0,0,0,0,1,0,0,0,0,0,0,1,1
31964,431,95828,train2017,0.0,0.0,0.0,0,0,1,0,0,0,0,0,0,0,0,0,0,0,0,0,1,1
31936,430,357865,train2017,0.2,0.0261264905233408,0.0030453346219542,0,0,1,0,0,0,0,0,0,0,0,0,0,0,0,0,1,1
31837,429,95337,train2017,0.3333333333333333,0.0268841899355916,0.0010912078647881,0,0,1,0,0,0,0,0,0,0,0,0,0,0,0,0,1,1
31801,428,95176,train2017,0.0,0.0,0.0,0,0,0,1,0,0,0,1,0,0,0,0,0,0,0,1,0,1
31782,427,357228,train2017,0.0,0.0,0.0,0,0,0,1,0,0,0,1,0,0,0,0,0,0,0,0,1,1
31747,426,357074,train2017,0.0,0.0,0.0,0,0,0,1,0,0,1,1,0,0,0,0,0,0,0,0,1,1
31659,425,356771,train2017,0.0,0.0,0.0,0,0,0,1,0,0,1,1,0,0,0,0,0,0,0,0,1,1
31446,424,277778,train2017,1.0,1.0,0.208823118731718,0,0,1,0,0,0,0,0,0,0,1,0,1,0,1,0,0,0
31349,423,355622,train2017,0.0,0.0,0.0,0,0,1,0,0,0,0,0,0,0,0,0,0,0,0,1,0,1
31233,422,59194,train2017,0.0,0.0,0.0,0,0,1,0,0,0,0,0,0,0,0,0,0,0,0,0,1,1
31123,421,354761,train2017,0.5,0.8311266488136474,0.1656037423445936,1,0,1,0,0,1,0,0,0,0,0,0,1,0,0,0,1,1
31064,420,92353,train2017,0.0,0.0,0.0,0,0,0,1,0,0,0,1,0,1,0,0,0,0,0,0,1,1
31049,419,92288,train2017,0.9090909090909092,0.1362703520832224,0.0559900597670566,0,0,1,0,0,0,0,0,0,0,1,0,1,0,0,1,0,0
31028,418,92221,train2017,0.125,0.007872682841473,0.0019436642034683,0,0,0,1,0,0,1,1,0,0,0,0,0,0,0,0,1,1
30954,417,92001,train2017,0.0,0.0,0.0,0,0,1,0,0,0,1,1,0,0,0,0,0,0,0,0,1,1
30935,416,354095,train2017,0.0,0.0,0.0,0,0,1,0,0,0,1,1,0,0,0,0,0,0,0,0,1,0
30922,415,354045,train2017,0.8125,0.7274515680298672,0.0633400562687667,0,0,0,1,0,0,0,0,0,0,1,0,1,0,0,0,1,0
30887,414,91784,train2017,0.0,0.0,0.0,0,0,0,1,0,0,0,0,1,1,0,0,0,0,0,0,1,0
30856,413,364806,train2017,0.0,0.0,0.0,0,0,0,1,0,0,0,0,0,0,0,0,0,0,0,0,1,1
30847,412,408492,train2017,0.0,0.0,0.0,0,1,0,1,0,1,0,0,0,1,0,0,0,0,0,0,1,0
30674,411,91005,train2017,0.0,0.0,0.0,0,0,0,1,0,0,0,0,0,0,0,0,0,0,0,0,1,1
30672,410,90994,train2017,0.0,0.0,0.0,0,1,0,1,0,1,0,0,1,1,0,0,0,0,0,0,1,0
30632,409,90827,train2017,0.0,0.0,0.0,0,0,0,0,1,0,0,0,1,1,0,0,0,0,0,1,0,0
30601,408,352861,train2017,0.0,0.0,0.0,0,0,0,1,0,0,0,0,0,0,0,0,0,0,0,0,1,1
30563,407,352724,train2017,0.75,0.4420171819557339,0.0833010822542917,1,1,1,0,0,0,0,0,0,0,1,0,1,0,0,1,0,0
30430,406,352236,train2017,0.0,0.0,0.0,0,0,0,1,0,0,0,0,0,0,0,0,0,0,0,0,1,1
30407,405,189765,train2017,0.0,0.0,0.0,0,0,0,1,0,0,0,1,0,0,0,0,0,0,0,0,1,1
30395,404,352129,train2017,0.0,0.0,0.0,0,0,0,1,0,0,0,0,1,1,0,0,0,0,0,0,1,0
30373,403,89908,train2017,0.4285714285714285,0.1205847651299303,0.00523770754369,0,0,1,0,0,0,0,0,0,0,0,0,0,0,0,1,0,1
30081,402,88835,train2017,0.0,0.0,0.0,0,0,0,1,0,0,0,0,0,0,0,0,0,0,0,0,1,1
29980,401,88414,train2017,0.0,0.0,0.0,0,0,0,1,0,0,0,0,0,0,0,0,0,0,0,0,1,1
65445,900,488658,train2017,0.0,0.0,0.0,0,0,0,1,0,0,0,0,0,1,0,0,0,0,0,0,1,0
65414,899,168803,train2017,0.0,0.0,0.0,0,0,0,0,1,0,0,0,1,1,0,0,0,0,1,0,0,0
65376,898,488406,train2017,0.0,0.0,0.0,0,0,0,1,0,0,0,0,0,0,0,0,0,0,0,0,1,1
65267,897,430850,train2017,0.0,0.0,0.0,0,0,1,0,0,1,0,0,0,0,0,0,0,0,1,0,0,0
65253,896,225750,train2017,0.0,0.0,0.0,0,0,0,1,0,0,0,0,0,0,0,0,0,0,0,0,1,0
65232,895,487825,train2017,0.0,0.0,0.0,0,0,1,0,0,0,0,0,0,0,0,0,0,0,0,1,0,1
65187,894,225533,train2017,0.0,0.0,0.0,0,0,0,1,0,0,0,0,0,1,0,0,0,0,0,0,1,0
65148,893,225383,train2017,0.0,0.0,0.0,0,0,0,1,0,0,0,0,0,0,0,0,0,0,0,0,1,1
65069,892,225113,train2017,0.0,0.0,0.0,0,0,0,1,0,0,1,1,0,0,0,0,0,0,0,0,1,0
65010,891,224869,train2017,0.0,0.0,0.0,0,0,0,1,0,0,0,0,1,0,0,0,0,0,0,0,1,0
64979,890,224759,train2017,1.0,1.0,0.1142604620163665,0,0,0,0,1,0,0,0,0,0,1,0,1,0,0,0,0,0
64893,889,224396,train2017,0.9130434782608696,0.8446602722564827,0.033220516561303,0,0,1,0,0,0,0,0,0,0,0,0,1,0,0,0,1,0
64880,888,486503,train2017,0.0,0.0,0.0,0,0,0,1,0,0,1,1,0,0,0,0,0,0,0,0,1,0
64867,887,561677,train2017,0.0,0.0,0.0,0,0,1,0,0,0,0,0,0,0,0,0,0,0,0,0,1,1
64771,886,386856,train2017,0.0,0.0,0.0,0,0,0,1,0,0,0,1,0,0,0,0,0,0,0,0,1,0
64687,885,223718,train2017,0.0,0.0,0.0,0,0,0,1,0,0,0,1,0,0,0,0,0,0,0,0,1,0
64621,884,485605,train2017,0.0,0.0,0.0,0,0,1,0,0,0,0,0,0,0,0,0,0,0,0,0,1,1
64615,883,223447,train2017,0.0,0.0,0.0,0,0,0,1,0,0,1,1,0,1,0,0,0,0,0,0,1,0
64498,882,485113,train2017,0.0,0.0,0.0,0,0,0,1,0,0,0,0,0,0,0,0,0,0,0,0,1,1
64483,881,222921,train2017,0.0,0.0,0.0,0,1,0,1,0,0,0,0,1,1,0,0,0,0,0,0,1,0
64295,880,484300,train2017,0.0,0.0,0.0,0,0,0,1,0,0,0,1,0,0,0,0,0,0,0,0,1,0
64096,879,221441,train2017,0.0,0.0,0.0,0,0,0,1,0,0,0,1,0,0,0,0,0,0,0,0,1,1
64004,878,167908,train2017,0.0,0.0,0.0,0,0,0,1,0,0,1,1,0,0,0,0,0,0,0,0,1,1
63944,877,342639,train2017,0.0,0.0,0.0,0,0,0,1,0,0,1,1,1,1,0,0,0,0,0,0,1,0
63931,876,482912,train2017,0.0,0.0,0.0,0,0,0,1,0,0,0,0,1,1,0,0,0,0,0,0,1,0
63922,875,482858,train2017,0.0,0.0,0.0,0,0,0,1,0,0,1,1,0,0,0,0,0,0,0,0,1,0
63825,874,561006,train2017,0.0,0.0,0.0,0,0,0,1,0,0,0,0,0,0,0,0,0,0,0,0,1,1
63781,873,429902,train2017,0.0,0.0,0.0,0,0,0,1,0,0,0,0,0,0,0,0,0,0,0,0,1,1
63746,872,429887,train2017,0.0,0.0,0.0,0,0,0,1,0,0,0,0,0,0,0,0,0,0,0,0,1,1
63449,871,480990,train2017,0.0,0.0,0.0,0,0,0,1,0,0,0,1,0,0,0,0,0,0,0,0,1,0
63345,870,480601,train2017,0.0,0.0,0.0,0,0,0,1,0,0,0,1,0,0,0,0,0,0,0,0,1,0
63182,869,294744,train2017,0.1428571428571428,0.0096209287422701,0.0024117478498029,0,0,1,0,0,0,0,0,0,0,0,0,0,0,0,1,0,1
63081,868,444880,train2017,0.0,0.0,0.0,0,0,0,1,0,0,0,0,0,0,0,0,0,0,0,0,1,1
62960,867,479035,train2017,0.9090909090909092,0.7935806676848021,0.1849395290992043,1,0,1,0,0,0,0,1,0,0,1,0,1,0,1,0,0,0
62748,866,216029,train2017,0.0,0.0,0.0,0,0,0,1,0,0,0,1,0,0,0,0,0,0,0,0,1,0
62683,865,35972,train2017,0.0,0.0,0.0,0,0,0,1,0,0,0,0,0,0,0,0,0,0,0,0,1,1
62561,864,385417,train2017,0.0,0.0,0.0,0,0,1,0,0,0,0,0,0,0,0,0,0,0,0,0,1,1
62544,863,215291,train2017,0.0,0.0,0.0,0,0,0,1,0,0,0,1,0,0,0,0,0,0,0,0,1,0
62479,862,215023,train2017,0.7857142857142857,0.2861301263455351,0.0198494677350847,0,0,1,0,0,0,0,1,0,0,0,0,1,0,0,0,1,0
62365,861,560054,train2017,0.0,0.0,0.0,0,0,0,1,0,0,0,1,0,0,0,0,0,0,0,0,1,1
62302,860,476481,train2017,0.0,0.0,0.0,0,0,1,0,0,0,0,0,0,1,0,0,0,0,0,1,0,0
62275,859,476380,train2017,1.0,1.0,0.356037181158215,1,0,0,0,1,0,0,0,0,0,1,0,1,0,1,0,0,0
62228,858,214059,train2017,0.0,0.0,0.0,0,0,0,1,0,0,0,0,0,0,0,0,0,0,0,0,1,1
62209,857,213988,train2017,0.0,0.0,0.0,0,0,0,1,0,0,0,0,0,0,0,0,0,0,0,0,1,1
62015,856,213288,train2017,0.3,0.2438179026096018,0.0242727128210336,0,1,1,0,0,0,0,0,0,0,0,0,1,0,0,0,1,0
62006,855,122923,train2017,0.0,0.0,0.0,0,0,0,1,0,0,0,0,0,0,0,0,0,0,0,0,1,1
61972,854,475236,train2017,1.0,1.0,0.2228710181430415,1,0,0,0,1,0,0,0,0,0,1,0,1,0,1,0,0,0
61873,853,474827,train2017,0.0,0.0,0.0,0,0,0,1,0,0,0,0,0,0,0,0,0,0,0,0,1,1
61809,852,212440,train2017,1.0,1.0,0.2865128151969659,1,0,0,0,1,0,0,0,0,0,1,0,1,0,1,0,0,0
61801,851,474545,train2017,0.0,0.0,0.0,0,0,0,1,0,0,0,0,0,1,0,0,0,0,0,0,1,0
61797,850,212380,train2017,0.0,0.0,0.0,0,0,0,0,1,0,1,0,0,0,0,0,0,0,0,0,1,0
61752,849,212229,train2017,0.25,0.0063820614175448,0.0018994842661822,0,0,1,0,0,0,0,0,0,1,0,0,0,0,0,0,1,1
61748,848,474353,train2017,0.0,0.0,0.0,0,0,1,0,0,0,1,1,0,0,0,0,0,0,0,0,1,0
61738,847,207833,train2017,0.4878048780487805,0.0733200617851144,0.0165091943929891,1,0,1,0,0,0,0,0,0,0,0,0,1,0,0,0,1,0
61677,846,474024,train2017,0.0,0.0,0.0,0,0,0,1,0,0,1,1,0,0,0,0,0,0,0,0,1,0
61513,845,211198,train2017,0.0,0.0,0.0,0,0,0,1,0,0,0,1,0,0,0,0,0,0,0,0,1,0
61510,844,341033,train2017,0.0,0.0,0.0,0,0,0,1,0,0,0,1,0,0,0,0,0,0,0,0,1,0
61216,843,210065,train2017,0.0,0.0,0.0,0,0,1,0,0,0,0,0,0,0,0,0,0,0,0,0,1,1
61177,842,209919,train2017,0.0,0.0,0.0,0,0,0,1,0,0,0,0,0,0,0,0,0,0,0,0,1,0
61133,841,34961,train2017,0.0,0.0,0.0,0,0,0,1,0,0,0,0,1,1,0,0,0,0,0,0,1,0
61122,840,471871,train2017,0.0,0.0,0.0,0,0,0,1,0,0,0,0,1,1,0,0,0,0,0,0,1,0
60978,839,209229,train2017,0.4,0.0369041184233779,0.010526185163696,0,1,1,0,0,0,1,1,0,0,1,0,0,0,0,0,0,0
60867,838,208849,train2017,0.0,0.0,0.0,0,0,0,1,0,0,0,0,1,0,0,0,0,0,1,0,0,0
60845,837,208805,train2017,0.0,0.0,0.0,0,0,1,0,0,0,0,0,0,0,0,0,0,0,0,0,1,1
60834,836,470907,train2017,0.0,0.0,0.0,0,0,0,1,0,0,0,0,1,1,0,0,0,0,0,0,1,0
60725,835,129143,train2017,0.0,0.0,0.0,0,0,0,1,0,0,0,1,0,0,0,0,0,0,0,0,1,1
60553,834,469816,train2017,0.0,0.0,0.0,0,0,0,1,0,0,0,0,0,0,0,0,0,0,0,0,1,1
60519,833,207549,train2017,0.0,0.0,0.0,0,0,0,1,0,0,0,0,0,1,0,0,0,0,0,0,1,0
60505,832,203615,train2017,0.0,0.0,0.0,0,0,0,1,0,1,0,0,0,0,0,0,0,0,0,0,1,0
60456,831,469445,train2017,1.0,1.0,0.2675896280113125,1,0,1,0,0,0,0,0,0,0,1,0,1,0,1,0,0,0
60305,830,468825,train2017,0.0,0.0,0.0,0,0,0,0,1,0,1,1,0,0,0,0,0,0,0,0,1,1
60251,829,206467,train2017,0.0,0.0,0.0,0,0,0,1,0,0,0,0,0,0,0,0,0,0,0,0,1,1
60186,828,468394,train2017,0.0,0.0,0.0,0,0,0,1,0,0,0,0,0,0,0,0,0,0,0,0,1,1
60119,827,296474,train2017,0.0,0.0,0.0,0,0,0,1,0,0,0,1,0,0,0,0,0,0,0,0,1,1
60094,826,205875,train2017,0.0,0.0,0.0,0,0,1,0,0,0,0,0,0,0,0,0,0,0,0,0,1,1
59994,825,467646,train2017,0.0,0.0,0.0,0,0,0,1,0,0,0,1,0,0,0,0,0,0,0,0,1,1
59817,824,204806,train2017,0.0,0.0,0.0,0,0,0,1,0,0,0,0,0,1,0,0,0,0,0,0,1,0
59699,823,204422,train2017,0.0,0.0,0.0,0,0,0,1,0,0,1,1,0,0,0,0,0,0,0,0,1,0
59631,822,466265,train2017,0.0,0.0,0.0,0,1,0,1,0,0,0,0,0,1,0,0,0,0,0,0,1,0
59595,821,77686,train2017,0.0,0.0,0.0,0,0,1,0,0,0,1,1,0,0,0,0,0,0,0,0,1,0
59585,820,203937,train2017,0.0,0.0,0.0,0,0,1,0,0,0,0,0,0,0,0,0,0,0,0,1,0,1
59420,819,298139,train2017,0.0,0.0,0.0,0,0,0,1,0,0,0,1,0,0,0,0,0,0,0,0,1,0
59419,818,465412,train2017,0.0,0.0,0.0,0,0,0,1,0,0,0,1,0,0,0,0,0,0,0,0,1,0
59284,817,202805,train2017,0.0,0.0,0.0,0,0,0,0,1,0,1,1,0,0,0,0,0,0,0,0,1,1
59194,816,464616,train2017,0.0,0.0,0.0,0,0,0,1,0,0,0,0,1,1,0,0,0,0,0,0,1,0
59091,815,202050,train2017,0.0,0.0,0.0,0,0,0,1,0,0,0,0,0,0,0,0,0,0,0,0,1,1
59079,814,201969,train2017,0.0,0.0,0.0,0,0,0,1,0,0,0,1,1,1,0,0,0,0,0,0,1,0
59046,813,557920,train2017,0.0,0.0,0.0,0,0,0,1,0,0,0,0,0,0,0,0,0,0,0,0,1,1
59039,812,201758,train2017,0.0,0.0,0.0,0,0,0,1,0,0,0,0,0,1,0,0,0,0,0,0,1,0
59023,811,201722,train2017,0.0,0.0,0.0,0,0,0,1,0,0,0,0,1,1,0,0,0,0,0,0,1,0
58681,810,200391,train2017,0.0,0.0,0.0,0,0,0,1,0,0,0,0,0,0,0,0,0,0,0,0,1,1
58668,809,462505,train2017,0.0,0.0,0.0,0,0,0,1,0,0,0,0,0,0,0,0,0,0,0,0,1,1
58404,808,461428,train2017,0.0,0.0,0.0,0,0,1,0,0,0,0,0,0,0,0,0,0,0,0,1,0,1
58187,807,397815,train2017,0.0,0.0,0.0,0,0,0,1,0,0,1,1,0,0,0,0,0,0,0,0,1,1
58164,806,198319,train2017,0.0,0.0,0.0,0,0,0,1,0,0,0,0,0,0,0,0,0,0,0,0,1,1
58144,805,460408,train2017,1.0,1.0,0.1621383178420329,1,0,1,0,0,0,0,0,0,0,1,0,1,0,0,1,0,0
58096,804,460236,train2017,0.0,0.0,0.0,0,0,0,1,0,0,0,0,1,1,0,0,0,0,0,0,1,0
57906,803,197401,train2017,0.0,0.0,0.0,0,0,0,1,0,0,0,0,1,1,0,0,0,0,0,0,1,0
57838,802,197118,train2017,0.0,0.0,0.0,0,0,0,1,0,0,0,0,1,1,0,0,0,0,0,0,1,0
57822,801,459190,train2017,1.0,1.0,0.2966925929365769,1,0,0,0,1,0,0,0,0,0,1,0,0,0,1,0,0,0
44144,600,143420,train2017,1.0,1.0,0.094524749441189,1,1,0,1,0,0,0,0,0,0,1,0,1,0,1,0,0,0
44138,599,388853,train2017,1.0,1.0,0.1930461560384431,1,0,0,1,0,0,0,0,0,0,1,0,1,0,1,0,0,0
44107,598,405437,train2017,0.6,0.0043571714576979,0.000817919118716,0,0,1,0,0,0,0,1,1,1,0,0,0,0,0,0,1,0
44097,597,143245,train2017,0.0,0.0,0.0,0,0,0,1,0,0,0,0,1,1,0,0,0,0,0,0,1,0
44052,596,405215,train2017,0.0,0.0,0.0,0,0,0,1,0,0,0,0,0,1,0,0,0,0,0,0,1,0
43984,595,142803,train2017,0.0,0.0,0.0,0,0,0,1,0,0,0,1,0,0,0,0,0,0,0,0,1,1
43950,594,404823,train2017,0.25,0.0082967151977467,0.0005547568695331,0,0,0,1,0,0,0,1,0,0,0,0,0,0,0,0,1,1
43852,593,196777,train2017,0.0,0.0,0.0,0,0,0,1,0,0,0,1,0,0,0,0,0,0,0,0,1,1
43820,592,504289,train2017,0.0,0.0,0.0,0,1,0,1,0,0,0,0,1,1,0,0,0,0,0,0,1,0
43818,591,404282,train2017,0.0,0.0,0.0,0,0,0,1,0,1,0,0,0,0,0,0,0,0,0,0,1,1
43746,590,404007,train2017,0.0,0.0,0.0,0,0,0,1,0,0,0,0,1,0,0,0,0,0,0,0,1,0
43689,589,403789,train2017,0.0,0.0,0.0,0,0,0,1,0,0,1,1,1,1,0,0,0,0,0,0,1,0
43675,588,403739,train2017,0.0,0.0,0.0,0,0,0,1,0,0,0,0,1,1,0,0,0,0,0,0,1,0
43619,587,403535,train2017,0.0,0.0,0.0,0,0,0,1,0,0,0,0,1,1,0,0,0,0,0,0,1,0
43500,586,154556,train2017,0.0,0.0,0.0,0,0,0,1,0,0,0,0,1,1,0,0,0,0,0,0,1,0
43465,585,140724,train2017,0.0,0.0,0.0,0,0,0,1,0,0,1,1,0,1,0,0,0,0,0,0,1,0
43445,584,285588,train2017,0.0,0.0,0.0,0,0,0,1,0,0,1,1,0,0,0,0,0,0,0,0,1,1
43429,583,198195,train2017,0.75,0.6916921641414511,0.207633675239139,1,0,1,0,0,0,0,1,0,0,1,0,0,0,1,0,0,0
43428,582,140590,train2017,0.0,0.0,0.0,0,0,0,1,0,0,0,0,0,1,0,0,0,0,0,0,1,0
43288,581,402199,train2017,0.0,0.0,0.0,0,0,1,0,0,0,0,0,0,0,0,0,0,0,1,0,0,1
43250,580,402057,train2017,1.0,1.0,0.1263520887046424,1,0,1,0,0,0,0,0,0,0,1,0,1,0,1,0,0,0
43224,579,139815,train2017,0.0,0.0,0.0,0,0,0,1,0,0,0,1,0,0,0,0,0,0,0,0,1,1
43164,578,401720,train2017,0.0,0.0,0.0,0,0,0,1,0,0,0,1,0,1,0,0,0,0,0,0,1,0
43159,577,139561,train2017,0.0,0.0,0.0,0,0,0,1,0,0,0,0,1,1,0,0,0,0,0,0,1,0
43157,576,401699,train2017,0.0,0.0,0.0,0,0,0,1,0,0,0,0,1,1,0,0,0,0,0,0,1,0
43156,575,139551,train2017,0.0,0.0,0.0,0,0,0,1,0,0,1,1,0,0,0,0,0,0,0,0,1,1
43107,574,139344,train2017,0.0,0.0,0.0,0,1,0,1,0,0,0,0,0,1,0,0,0,0,0,0,1,0
42980,573,138904,train2017,0.0,0.0,0.0,0,0,1,0,0,0,0,0,0,0,0,0,0,0,0,0,1,1
42946,572,138785,train2017,0.1,0.0107680259559733,0.0016862276779088,0,0,1,0,0,1,0,0,0,0,0,0,0,0,0,0,1,1
42912,571,229233,train2017,0.4615384615384615,0.0483393910988804,0.0102953276167536,0,1,0,0,0,0,1,1,0,0,1,1,1,0,0,0,1,0
42851,570,400581,train2017,0.0,0.0,0.0,0,0,0,1,0,0,0,0,0,0,0,0,1,0,0,0,1,1
42781,569,138153,train2017,0.0,0.0,0.0,0,0,1,0,0,1,0,0,0,0,0,0,0,0,0,0,1,1
42697,568,399984,train2017,0.0,0.0,0.0,0,0,0,1,0,0,0,0,0,1,0,0,0,0,0,0,1,0
42648,567,137706,train2017,0.0,0.0,0.0,0,0,0,1,0,0,0,0,1,1,0,0,0,0,0,0,1,0
42642,566,399835,train2017,0.0,0.0,0.0,0,0,0,1,0,0,0,0,1,1,0,0,0,0,0,0,1,0
42563,565,197656,train2017,0.0,0.0,0.0,0,0,0,1,0,0,0,0,0,0,0,0,0,0,0,0,1,1
42473,564,399162,train2017,0.0,0.0,0.0,0,0,1,0,0,0,0,0,0,0,0,0,0,0,1,0,0,1
42299,563,398540,train2017,0.0,0.0,0.0,0,0,0,1,0,0,0,0,1,1,0,0,0,0,0,0,1,0
42238,562,22696,train2017,0.4333333333333333,0.2093153977983256,0.0800581104136026,0,1,1,0,0,0,1,1,0,0,1,1,1,0,0,1,0,0
42224,561,136142,train2017,0.9230769230769232,0.6067197684878683,0.1661458775657143,1,0,1,0,0,1,0,0,0,0,1,1,1,0,0,1,0,1
42214,560,136111,train2017,1.0,1.0,0.0258378369188344,0,1,0,1,0,0,0,0,1,1,1,0,0,0,0,0,1,0
42171,559,135965,train2017,0.0,0.0,0.0,0,0,0,1,0,0,0,1,0,0,0,0,0,0,0,0,1,1
42166,558,398083,train2017,0.0,0.0,0.0,0,0,0,1,0,0,0,1,0,0,0,0,0,0,0,0,1,0
42126,557,22627,train2017,0.0,0.0,0.0,0,0,1,0,0,0,0,0,1,0,0,0,0,0,1,0,0,0
42007,556,135316,train2017,0.0,0.0,0.0,0,0,0,1,0,0,0,0,0,0,0,0,0,0,0,0,1,1
41934,555,397192,train2017,0.0,0.0,0.0,0,0,0,1,0,0,0,0,0,0,0,0,0,0,0,0,1,1
41927,554,135032,train2017,0.0,0.0,0.0,0,0,0,1,0,0,0,0,1,1,0,0,0,0,1,0,0,0
41814,553,134562,train2017,0.0,0.0,0.0,0,0,0,1,0,0,0,0,0,1,0,0,0,0,0,0,1,0
41778,552,396550,train2017,0.0,0.0,0.0,0,0,0,1,0,0,0,0,0,1,0,0,0,0,0,0,1,0
41710,551,134169,train2017,0.0,0.0,0.0,0,0,1,0,0,0,1,1,0,0,0,0,0,0,0,0,1,1
41653,550,66014,train2017,0.0,0.0,0.0,0,0,0,1,0,0,0,0,0,0,0,0,0,0,0,0,1,1
41623,549,197068,train2017,0.0,0.0,0.0,0,0,1,0,0,0,0,0,0,0,0,0,0,0,1,0,0,1
41574,548,395775,train2017,0.0,0.0,0.0,0,0,1,0,0,0,0,0,0,0,0,0,0,0,0,0,1,1
41566,547,395758,train2017,0.0,0.0,0.0,0,0,1,0,0,0,0,0,0,0,0,0,0,0,0,0,1,1
41482,546,133281,train2017,0.4444444444444444,0.0202050453772856,0.0020129567949348,0,0,1,0,0,1,0,0,0,0,0,0,0,0,0,0,1,1
41162,545,131967,train2017,0.0,0.0,0.0,0,0,0,1,0,0,0,0,0,0,0,0,0,0,0,0,1,1
41137,544,394008,train2017,0.0,0.0,0.0,0,0,0,1,0,0,0,0,0,0,0,0,0,0,0,0,1,1
41116,543,131763,train2017,0.0,0.0,0.0,0,0,1,0,0,0,1,1,0,0,0,0,0,0,0,1,0,1
41097,542,284089,train2017,0.0,0.0,0.0,0,0,0,1,0,1,0,0,0,1,0,0,0,0,0,0,1,0
41056,541,131524,train2017,0.0,0.0,0.0,0,0,0,1,0,0,0,0,0,0,0,0,0,0,0,0,1,1
40979,540,21826,train2017,0.0,0.0,0.0,0,0,0,1,0,0,0,1,0,0,0,0,0,0,0,0,1,0
40935,539,131011,train2017,0.1428571428571428,0.0431255605470426,0.0040517223448763,0,0,1,0,0,0,0,0,0,0,0,0,1,0,0,1,0,1
40924,538,130973,train2017,0.0,0.0,0.0,0,0,0,1,0,0,0,0,0,0,0,0,0,0,0,0,1,1
40920,537,371353,train2017,1.0,1.0,0.1381577013763655,0,0,1,0,0,0,0,0,0,0,1,0,1,0,1,0,0,0
40909,536,196584,train2017,0.0,0.0,0.0,0,0,0,1,0,0,0,0,1,1,0,0,0,0,0,0,1,0
40846,535,392851,train2017,0.0,0.0,0.0,0,0,0,0,1,0,0,0,1,1,0,0,0,0,1,0,0,0
40840,534,130681,train2017,0.0,0.0,0.0,0,0,0,1,0,0,0,0,1,1,0,0,0,0,0,0,1,0
40770,533,392556,train2017,0.0,0.0,0.0,0,0,0,1,0,0,0,0,1,1,0,0,0,0,0,0,1,0
40721,532,130181,train2017,0.0,0.0,0.0,0,0,0,1,0,0,0,0,1,1,0,0,0,0,0,0,1,0
40575,531,391754,train2017,0.0,0.0,0.0,0,0,0,1,0,0,1,1,0,0,0,0,0,0,0,0,1,0
40548,530,391678,train2017,0.0,0.0,0.0,0,0,1,0,0,0,1,1,0,0,0,0,0,0,0,0,1,1
40423,529,129060,train2017,0.0,0.0,0.0,0,0,0,1,0,0,0,1,0,0,0,0,0,0,0,0,1,0
40235,528,239828,train2017,0.0,0.0,0.0,0,0,0,1,0,0,1,1,0,0,0,0,0,0,0,0,1,1
40153,527,390120,train2017,0.0,0.0,0.0,0,0,0,1,0,0,0,1,0,0,0,0,0,0,0,0,1,0
39997,526,389582,train2017,0.0,0.0,0.0,0,0,0,1,0,0,0,0,1,1,0,0,0,0,0,0,1,0
39841,525,388980,train2017,0.0,0.0,0.0,0,0,0,1,0,0,1,1,0,1,0,0,0,0,0,0,1,0
39553,524,125725,train2017,0.0,0.0,0.0,0,0,0,1,0,0,0,1,0,1,0,0,0,0,0,0,1,0
39547,523,125703,train2017,0.0,0.0,0.0,0,0,0,1,0,0,0,1,1,1,0,0,0,0,0,0,1,0
39509,522,125586,train2017,0.0,0.0,0.0,0,1,0,1,0,0,0,0,0,1,0,0,0,0,0,0,1,0
39402,521,387318,train2017,1.0,1.0,0.1830140474239554,1,0,1,0,0,0,0,0,0,0,1,0,1,0,1,0,0,0
39369,520,125042,train2017,0.0,0.0,0.0,0,0,1,0,0,0,0,0,0,0,0,0,0,0,0,1,0,1
39298,519,124747,train2017,0.0,0.0,0.0,0,0,0,1,0,0,0,0,0,0,0,0,0,0,0,0,1,1
39289,518,124711,train2017,0.8333333333333334,0.7704565790467164,0.1900843287714042,1,1,0,1,0,0,0,0,0,0,1,0,1,0,1,0,0,0
39095,517,123891,train2017,0.0,0.0,0.0,0,0,0,1,0,0,0,0,0,1,0,0,0,0,0,0,1,0
39058,516,385864,train2017,1.0,1.0,0.2602736298142998,1,0,0,1,0,0,0,0,0,0,1,0,0,0,1,0,0,0
39047,515,123692,train2017,0.0,0.0,0.0,0,0,0,1,0,0,0,1,0,0,0,0,0,0,0,0,1,1
38978,514,282707,train2017,1.0,1.0,0.2307378719827019,0,0,1,0,0,0,0,0,0,0,0,0,1,0,0,0,1,1
38853,513,282631,train2017,0.0,0.0,0.0,0,0,0,1,0,0,0,0,0,0,0,0,0,0,0,0,1,1
38829,512,122811,train2017,0.0,0.0,0.0,0,0,0,1,0,0,0,0,0,0,0,0,0,0,0,0,1,1
38817,511,122776,train2017,0.0,0.0,0.0,0,0,0,1,0,0,0,0,0,0,0,0,0,0,0,0,1,1
38794,510,544738,train2017,0.0,0.0,0.0,0,0,0,1,0,0,0,1,0,0,0,0,0,0,0,0,1,0
38641,509,384235,train2017,0.5,0.0605823049982863,0.0050597612946126,0,0,1,0,0,0,0,0,0,0,0,0,0,0,0,1,0,1
38494,508,413472,train2017,0.5,0.0279756811021488,0.0046130359352236,0,1,1,0,0,0,1,1,0,0,1,0,1,0,0,0,1,0
38486,507,383652,train2017,1.0,1.0,0.0969600226230328,1,0,1,0,0,0,0,0,0,0,1,0,1,0,0,0,1,1
38483,506,383641,train2017,0.0,0.0,0.0,0,0,0,1,0,0,0,0,1,1,0,0,0,0,0,0,1,0
38358,505,120987,train2017,0.0,0.0,0.0,0,0,0,1,0,0,0,0,0,1,0,0,0,0,0,0,1,0
38310,504,382951,train2017,0.0,0.0,0.0,0,0,0,1,0,0,0,0,1,1,0,0,0,0,0,0,1,0
38297,503,382890,train2017,0.0,0.0,0.0,0,0,0,1,0,0,0,0,0,0,0,0,0,0,0,0,1,1
38278,502,120655,train2017,0.0,0.0,0.0,0,0,0,1,0,0,0,1,0,0,0,0,0,0,0,0,1,0
38246,501,353175,train2017,0.0,0.0,0.0,0,0,0,1,0,0,0,0,1,1,0,0,0,0,0,0,1,0
51077,700,170968,train2017,0.0,0.0,0.0,0,0,0,1,0,0,0,0,0,0,0,0,0,0,0,0,1,1
51062,699,170917,train2017,0.0,0.0,0.0,0,0,1,0,0,0,0,1,0,0,0,0,0,0,0,0,1,1
51052,698,433021,train2017,0.0,0.0,0.0,0,0,0,1,0,0,0,0,0,0,0,0,0,0,0,0,1,1
51051,697,433019,train2017,0.0,0.0,0.0,0,0,1,0,0,0,0,0,0,0,0,0,0,0,0,0,1,1
50882,696,28367,train2017,0.0,0.0,0.0,0,0,0,1,0,0,0,0,1,1,0,0,0,0,0,0,1,0
50811,695,284987,train2017,0.0,0.0,0.0,0,0,0,1,0,0,0,0,1,0,0,0,0,0,0,0,1,0
50755,694,431825,train2017,0.0,0.0,0.0,0,1,0,1,0,0,0,0,1,1,0,0,0,0,0,0,1,0
50734,693,431764,train2017,0.0,0.0,0.0,0,0,0,1,0,0,0,0,0,0,0,0,0,0,0,0,1,1
50653,692,169262,train2017,0.0,0.0,0.0,0,0,0,0,1,1,0,0,0,0,0,0,0,0,1,0,0,1
50500,691,168690,train2017,0.0,0.0,0.0,0,0,1,0,0,0,0,0,0,0,0,0,0,0,0,1,0,1
50170,690,43829,train2017,0.0,0.0,0.0,0,0,0,1,0,0,0,1,0,0,0,0,0,0,0,0,1,1
50114,689,508456,train2017,0.0,0.0,0.0,0,0,0,1,0,0,0,0,0,1,0,0,0,0,0,0,1,0
50026,688,166764,train2017,0.0,0.0,0.0,0,0,0,1,0,0,1,1,0,0,0,0,0,0,0,0,1,1
49979,687,428726,train2017,0.0,0.0,0.0,0,0,0,1,0,0,1,1,0,0,0,0,0,0,0,0,1,1
49969,686,428691,train2017,0.0,0.0,0.0,0,0,0,1,0,0,0,0,0,0,0,0,0,0,0,0,1,1
49957,685,166504,train2017,0.0,0.0,0.0,0,0,0,1,0,0,1,1,0,0,0,0,0,0,0,0,1,1
49955,684,166489,train2017,0.0,0.0,0.0,0,0,0,1,0,0,0,1,0,0,0,0,0,0,0,0,1,1
49944,683,428605,train2017,0.0,0.0,0.0,0,0,0,1,0,0,0,0,0,0,0,0,0,0,0,0,1,1
49923,682,14269,train2017,0.0,0.0,0.0,0,0,0,1,0,0,0,1,0,0,0,0,0,0,0,0,1,0
49731,681,427729,train2017,0.0,0.0,0.0,0,0,0,1,0,0,0,0,1,1,0,0,0,0,0,0,1,0
49622,680,485595,train2017,0.0,0.0,0.0,0,0,0,1,0,0,1,1,0,0,0,0,0,0,0,0,1,1
49480,679,164564,train2017,0.0,0.0,0.0,0,0,1,0,0,0,1,1,0,0,0,0,0,0,1,0,0,1
49466,678,164502,train2017,0.0,0.0,0.0,0,0,0,1,0,0,0,0,1,1,0,0,0,0,0,0,1,0
49234,677,425712,train2017,0.0,0.0,0.0,0,0,1,0,0,0,0,0,0,0,0,0,0,0,0,1,0,1
49156,676,163263,train2017,0.0,0.0,0.0,0,0,0,1,0,0,0,1,0,1,0,0,0,0,0,0,1,0
49152,675,163250,train2017,0.0,0.0,0.0,0,0,0,1,0,0,0,0,0,1,0,0,0,0,0,0,1,0
49076,674,425135,train2017,0.0,0.0,0.0,0,0,1,0,0,0,0,0,0,0,0,0,0,0,0,0,1,1
48839,673,424138,train2017,0.0,0.0,0.0,0,0,0,1,0,0,0,0,0,1,0,0,0,0,0,0,1,0
48832,672,424110,train2017,0.0,0.0,0.0,0,0,0,1,0,0,0,1,0,0,0,0,0,0,0,0,1,0
48802,671,161836,train2017,0.0,0.0,0.0,0,0,0,1,0,0,0,0,0,0,0,0,0,0,0,0,1,1
48681,670,423488,train2017,0.2,0.0621957981703035,0.0046503278220832,0,0,1,0,0,0,0,0,0,0,0,0,0,0,0,1,0,1
48679,669,161328,train2017,0.0,0.0,0.0,0,0,0,1,0,0,1,1,0,0,0,0,0,0,0,0,1,1
48622,668,423222,train2017,0.0,0.0,0.0,0,0,1,0,0,0,0,0,0,0,1,1,1,0,1,0,0,0
48618,667,423209,train2017,0.0,0.0,0.0,0,0,0,1,0,0,0,0,0,0,0,0,0,0,0,0,1,1
48617,666,161062,train2017,0.0,0.0,0.0,0,0,0,1,0,0,0,0,0,0,0,0,0,0,0,0,1,1
48530,665,160735,train2017,0.0,0.0,0.0,0,0,0,1,0,0,0,1,0,0,0,0,0,0,0,0,1,0
48508,664,551063,train2017,0.0,0.0,0.0,0,0,0,1,0,0,0,0,1,1,0,0,0,0,0,0,1,0
48422,663,463620,train2017,0.0,0.0,0.0,0,0,0,1,0,0,0,0,0,0,0,0,0,0,0,0,1,1
48393,662,160181,train2017,0.6818181818181818,0.1464490888507375,0.036106431036032,0,1,1,0,0,0,1,1,0,0,1,1,1,0,0,0,1,0
48379,661,160142,train2017,0.2105263157894736,0.008913264302413,0.0013932818398835,0,0,1,0,0,0,0,0,0,0,0,0,0,0,0,0,1,1
48374,660,422268,train2017,0.0,0.0,0.0,0,0,0,1,0,0,0,0,0,0,0,0,0,0,0,0,1,1
48260,659,159680,train2017,0.0,0.0,0.0,0,0,0,1,0,0,0,0,0,0,0,0,0,0,0,0,1,1
48157,658,563961,train2017,0.0,0.0,0.0,0,0,1,0,0,0,0,0,0,0,0,0,0,0,0,0,1,1
47687,657,419586,train2017,0.7727272727272727,0.1403673750371211,0.0406707563101117,1,0,1,0,0,0,0,0,0,0,1,0,1,0,0,1,0,0
47656,656,157342,train2017,1.0,1.0,0.3176275097301231,1,0,1,0,0,0,0,0,0,0,1,0,1,0,1,0,0,0
47614,655,157181,train2017,0.0,0.0,0.0,0,0,0,1,0,0,0,0,0,0,0,0,0,0,0,0,1,1
47600,654,157125,train2017,0.0,0.0,0.0,0,0,0,1,0,0,1,1,0,0,0,0,0,0,0,0,1,0
47598,653,157119,train2017,0.0,0.0,0.0,0,0,0,0,1,0,0,0,1,1,0,0,0,0,0,1,0,0
47408,652,113449,train2017,0.0,0.0,0.0,0,0,0,1,0,0,1,1,0,0,0,0,0,0,0,0,1,0
47321,651,156084,train2017,0.0,0.0,0.0,0,0,0,1,0,0,1,1,0,0,0,0,0,0,0,0,1,1
47293,650,419212,train2017,0.0,0.0,0.0,0,0,0,1,0,0,0,1,0,0,0,0,0,0,0,0,1,0
47290,649,418115,train2017,0.1428571428571428,0.0046050381065506,0.0004162922306096,0,0,1,0,0,0,0,0,0,0,0,0,0,0,0,0,1,1
47200,648,417700,train2017,0.0,0.0,0.0,0,0,0,1,0,0,1,1,0,0,0,0,0,0,0,0,1,0
47099,647,417264,train2017,0.0,0.0,0.0,0,0,0,1,0,0,0,1,0,0,0,0,0,0,0,0,1,0
47070,646,417141,train2017,0.8,0.6016481521461823,0.219324361256321,1,0,1,0,0,0,0,0,0,0,1,0,0,0,0,1,0,0
47033,645,416972,train2017,0.0,0.0,0.0,0,0,0,1,0,0,0,0,0,0,0,0,0,0,0,0,1,1
46861,644,154207,train2017,0.0,0.0,0.0,0,0,1,0,0,0,0,0,0,0,0,0,0,0,0,1,0,1
46835,643,416279,train2017,0.0,0.0,0.0,0,0,0,1,0,0,0,0,0,0,0,0,0,0,0,0,1,1
46806,642,154011,train2017,0.0,0.0,0.0,0,0,0,1,0,0,0,0,1,1,0,0,0,0,0,0,1,0
46661,641,415608,train2017,0.0,0.0,0.0,0,0,0,1,0,0,0,0,0,0,0,0,0,0,0,0,1,1
46642,640,162230,train2017,1.0,1.0,0.3256426478489364,1,0,1,0,0,0,0,0,0,0,1,0,1,0,1,0,0,0
46523,639,415026,train2017,0.0,0.0,0.0,0,0,0,1,0,0,0,0,0,1,0,0,0,0,0,0,1,0
46480,638,414853,train2017,0.0,0.0,0.0,0,0,0,1,0,0,0,0,1,1,0,0,0,0,0,0,1,0
46462,637,506039,train2017,0.0,0.0,0.0,0,0,0,1,0,0,1,1,0,0,0,0,0,0,0,0,1,0
46460,636,549729,train2017,0.0,0.0,0.0,0,0,1,0,0,0,0,0,0,0,0,0,0,0,0,0,1,1
46380,635,152328,train2017,0.0,0.0,0.0,0,0,0,1,0,0,1,1,0,0,0,0,0,0,0,0,1,1
46372,634,152273,train2017,0.1666666666666666,0.0215057686732359,0.0093281864440878,0,0,1,0,0,0,0,0,0,0,0,0,0,0,0,0,1,1
46321,633,414176,train2017,0.0,0.0,0.0,0,0,0,1,0,0,0,0,0,1,0,0,0,0,0,0,1,0
46274,632,68996,train2017,0.0,0.0,0.0,0,0,0,1,0,0,0,0,0,1,0,0,0,0,0,0,1,0
46160,631,151414,train2017,0.0,0.0,0.0,0,0,1,0,0,0,0,0,0,1,0,0,0,0,0,0,1,1
46150,630,462134,train2017,0.0,0.0,0.0,0,0,0,1,0,0,1,1,0,0,0,0,0,0,0,0,1,0
46136,629,151307,train2017,0.0,0.0,0.0,0,0,0,1,0,0,0,0,0,0,0,0,0,0,0,0,1,1
46101,628,151163,train2017,0.0,0.0,0.0,0,0,0,1,0,0,0,1,0,0,0,0,0,0,0,0,1,1
46036,627,150931,train2017,0.0,0.0,0.0,0,0,0,1,0,0,0,1,0,0,0,0,0,0,0,0,1,0
46002,626,412922,train2017,0.0,0.0,0.0,0,1,0,1,0,0,0,0,0,1,0,0,0,0,0,0,1,0
45999,625,369367,train2017,0.0,0.0,0.0,0,1,0,1,0,0,0,0,0,1,0,0,0,0,0,0,1,0
45982,624,412857,train2017,0.0,0.0,0.0,0,0,0,1,0,0,0,0,0,1,0,0,0,0,0,0,1,0
45981,623,412855,train2017,0.0,0.0,0.0,0,0,0,1,0,0,0,0,0,0,0,0,0,0,0,0,1,0
45945,622,150559,train2017,0.0,0.0,0.0,0,0,0,1,0,0,1,1,0,0,0,0,0,0,0,0,1,1
45843,621,150196,train2017,0.0,0.0,0.0,0,0,0,1,0,0,0,0,0,0,0,0,0,0,0,0,1,1
45837,620,153394,train2017,0.0,0.0,0.0,0,0,0,1,0,0,1,1,0,0,0,0,0,0,0,0,1,0
45750,619,149810,train2017,0.0,0.0,0.0,0,0,0,1,0,0,0,1,0,0,0,0,0,0,0,0,1,0
45746,618,149791,train2017,0.3333333333333333,0.0265129785717604,0.0011508969266835,0,0,1,0,0,0,0,0,0,0,0,0,0,0,0,0,1,1
45632,617,411475,train2017,0.0,0.0,0.0,0,0,0,1,0,0,0,0,1,1,0,0,0,0,0,0,1,0
45595,616,149221,train2017,0.3,0.36923254616135,0.1254013393980163,1,0,1,0,0,0,0,1,0,0,0,1,1,0,0,1,0,0
45356,615,148263,train2017,0.0,0.0,0.0,0,0,0,1,1,0,0,0,1,1,0,0,0,0,0,1,0,0
45213,614,147694,train2017,0.0,0.0,0.0,0,0,0,1,0,0,1,1,0,0,0,0,0,0,0,0,1,1
45129,613,147331,train2017,0.0,0.0,0.0,0,0,0,1,0,1,1,1,0,0,0,0,0,0,0,0,1,1
44980,612,408965,train2017,0.0,0.0,0.0,0,0,0,1,0,0,0,0,0,0,0,0,0,0,0,0,1,1
44971,611,408922,train2017,0.0,0.0,0.0,0,0,0,1,0,0,0,0,0,0,0,0,0,0,0,0,1,1
44844,610,146256,train2017,0.0,0.0,0.0,0,0,0,0,1,0,0,0,0,1,0,0,0,0,0,0,1,1
44736,609,504888,train2017,0.0,0.0,0.0,0,0,0,0,1,0,1,1,0,0,0,0,0,0,0,0,1,0
44729,608,24287,train2017,0.0,0.0,0.0,0,0,0,1,0,0,0,0,1,0,0,0,0,0,1,0,0,0
44720,607,461187,train2017,0.0,0.0,0.0,0,0,0,1,0,0,1,1,0,0,0,0,0,0,0,0,1,1
44705,606,407778,train2017,0.0,0.0,0.0,0,0,0,1,0,0,0,0,0,0,0,0,0,0,0,0,1,1
44412,605,406595,train2017,0.0,0.0,0.0,0,0,0,1,0,0,0,0,0,0,0,0,0,0,0,0,1,1
44369,604,406445,train2017,0.0,0.0,0.0,0,0,0,0,1,0,0,1,0,0,0,0,0,0,0,0,1,0
44339,603,144193,train2017,0.0,0.0,0.0,0,0,0,1,0,0,0,0,1,1,0,0,0,0,0,0,1,0
44324,602,406292,train2017,0.0,0.0,0.0,0,0,0,1,0,0,0,1,0,1,0,0,0,0,0,0,1,0
44184,601,143594,train2017,0.0,0.0,0.0,0,0,0,1,0,0,0,0,0,1,0,0,0,0,0,0,1,1
